{"type":"Topology","objects":{"subunits":{"type":"GeometryCollection","geometries":[{"type":"Polygon","properties":{"name":"St. Lawrence"},"arcs":[[0,1,2,3,4,5]]},{"type":"Polygon","properties":{"name":"Clinton"},"arcs":[[6,7,8]]},{"type":"Polygon","properties":{"name":"Franklin"},"arcs":[[9,10,-6,11,-9]]},{"type":"Polygon","properties":{"name":"Essex"},"arcs":[[12,13,14,15,-10,-8]]},{"type":"Polygon","properties":{"name":"Jefferson"},"arcs":[[-4,16,17,18]]},{"type":"Polygon","properties":{"name":"Lewis"},"arcs":[[-3,19,20,21,-17]]},{"type":"Polygon","properties":{"name":"Hamilton"},"arcs":[[-16,22,23,24,25,-1,-11]]},{"type":"Polygon","properties":{"name":"Herkimer"},"arcs":[[-2,-26,26,27,28,29,-20]]},{"type":"Polygon","properties":{"name":"Washington"},"arcs":[[30,31,32,33,-14]]},{"type":"Polygon","properties":{"name":"Warren"},"arcs":[[-34,34,-23,-15]]},{"type":"Polygon","properties":{"name":"Oswego"},"arcs":[[-22,35,36,37,38,39,-18]]},{"type":"Polygon","properties":{"name":"Oneida"},"arcs":[[-30,40,41,-36,-21]]},{"type":"Polygon","properties":{"name":"Cayuga"},"arcs":[[-39,42,43,44,45,46,47]]},{"type":"Polygon","properties":{"name":"Saratoga"},"arcs":[[-33,48,49,50,51,52,-24,-35]]},{"type":"Polygon","properties":{"name":"Orleans"},"arcs":[[53,54,55,56]]},{"type":"Polygon","properties":{"name":"Niagara"},"arcs":[[-57,57,58,59]]},{"type":"Polygon","properties":{"name":"Monroe"},"arcs":[[60,61,62,63,64,-55]]},{"type":"Polygon","properties":{"name":"Wayne"},"arcs":[[-47,65,66,-62,67]]},{"type":"Polygon","properties":{"name":"Fulton"},"arcs":[[-25,-53,68,-27]]},{"type":"Polygon","properties":{"name":"Onondaga"},"arcs":[[69,70,-43,-38]]},{"type":"Polygon","properties":{"name":"Madison"},"arcs":[[-37,-42,71,72,73,-70]]},{"type":"Polygon","properties":{"name":"Genesee"},"arcs":[[74,75,76,-58,-56,-65]]},{"type":"Polygon","properties":{"name":"Erie"},"arcs":[[-77,77,78,79,80,-59]]},{"type":"Polygon","properties":{"name":"Montgomery"},"arcs":[[-52,81,82,83,-28,-69]]},{"type":"Polygon","properties":{"name":"Ontario"},"arcs":[[84,85,86,87,-63,-67]]},{"type":"Polygon","properties":{"name":"Seneca"},"arcs":[[-46,88,89,90,-85,-66]]},{"type":"Polygon","properties":{"name":"Livingston"},"arcs":[[-88,91,92,93,-75,-64]]},{"type":"Polygon","properties":{"name":"Rensselaer"},"arcs":[[94,95,96,-49,-32]]},{"type":"Polygon","properties":{"name":"Schenectady"},"arcs":[[-51,97,98,-82]]},{"type":"Polygon","properties":{"name":"Otsego"},"arcs":[[-84,99,100,101,-72,-41,-29]]},{"type":"Polygon","properties":{"name":"Wyoming"},"arcs":[[-94,102,103,-78,-76]]},{"type":"Polygon","properties":{"name":"Schoharie"},"arcs":[[-83,-99,104,105,106,-100]]},{"type":"Polygon","properties":{"name":"Albany"},"arcs":[[-50,-97,107,-105,-98]]},{"type":"Polygon","properties":{"name":"Cortland"},"arcs":[[-74,108,109,110,111,-44,-71]]},{"type":"Polygon","properties":{"name":"Yates"},"arcs":[[-91,112,113,-86]]},{"type":"Polygon","properties":{"name":"Chenango"},"arcs":[[-102,114,115,-109,-73]]},{"type":"Polygon","properties":{"name":"Tompkins"},"arcs":[[-112,116,117,118,-89,-45]]},{"type":"Polygon","properties":{"name":"Steuben"},"arcs":[[-87,-114,119,120,121,122,-92]]},{"type":"Polygon","properties":{"name":"Chautauqua"},"arcs":[[123,124,-80]]},{"type":"Polygon","properties":{"name":"Schuyler"},"arcs":[[-119,125,-120,-113,-90]]},{"type":"Polygon","properties":{"name":"Cattaraugus"},"arcs":[[-104,126,127,-124,-79]]},{"type":"Polygon","properties":{"name":"Allegany"},"arcs":[[-93,-123,128,-127,-103]]},{"type":"Polygon","properties":{"name":"Delaware"},"arcs":[[-107,129,130,131,132,133,-115,-101]]},{"type":"Polygon","properties":{"name":"Columbia"},"arcs":[[134,135,136,137,-96]]},{"type":"Polygon","properties":{"name":"Greene"},"arcs":[[-138,138,-130,-106,-108]]},{"type":"Polygon","properties":{"name":"Broome"},"arcs":[[-116,-134,139,140,-110]]},{"type":"Polygon","properties":{"name":"Tioga"},"arcs":[[-141,141,142,-117,-111]]},{"type":"Polygon","properties":{"name":"Chemung"},"arcs":[[-118,-143,143,-121,-126]]},{"type":"Polygon","properties":{"name":"Ulster"},"arcs":[[-137,144,145,146,-131,-139]]},{"type":"Polygon","properties":{"name":"Dutchess"},"arcs":[[-136,147,148,149,-145]]},{"type":"Polygon","properties":{"name":"Sullivan"},"arcs":[[-147,150,151,-132]]},{"type":"Polygon","properties":{"name":"Orange"},"arcs":[[-150,152,153,154,-151,-146]]},{"type":"Polygon","properties":{"name":"Putnam"},"arcs":[[155,156,157,-153,-149]]},{"type":"Polygon","properties":{"name":"Westchester"},"arcs":[[158,159,160,161,-157]]},{"type":"Polygon","properties":{"name":"Rockland"},"arcs":[[-162,162,-154,-158]]},{"type":"Polygon","properties":{"name":"Suffolk"},"arcs":[[163]]},{"type":"Polygon","properties":{"name":"Suffolk"},"arcs":[[164,165]]},{"type":"Polygon","properties":{"name":"Suffolk"},"arcs":[[166]]},{"type":"Polygon","properties":{"name":"Bronx"},"arcs":[[-160,167,168,169,170]]},{"type":"Polygon","properties":{"name":"Westchester"},"arcs":[[171]]},{"type":"Polygon","properties":{"name":"New York"},"arcs":[[172,173,174,-170]]},{"type":"Polygon","properties":{"name":"Nassau"},"arcs":[[175,-166,176,177]]},{"type":"Polygon","properties":{"name":"Bronx"},"arcs":[[178]]},{"type":"Polygon","properties":{"name":"Queens"},"arcs":[[179,-178,180,181,-173,-169]]},{"type":"Polygon","properties":{"name":"Kings"},"arcs":[[-182,182,-174]]},{"type":"Polygon","properties":{"name":"New York"},"arcs":[[183]]},{"type":"Polygon","properties":{"name":"Richmond"},"arcs":[[184]]}]}},"arcs":[[[6611,7971],[-144,-24],[-113,-19],[-38,-5],[-109,-16]],[[6207,7907],[-44,-8],[-219,-36],[-136,103]],[[5808,7966],[-115,87],[-24,17],[-41,30],[-5,4],[-4,4],[-17,15],[-70,54],[0,1],[-32,24],[-41,31]],[[5459,8233],[-15,10],[-8,7],[-2,0],[-2,1],[-4,6],[-5,4],[-6,3],[-8,6],[-5,7],[-5,1],[-5,7],[-9,8],[-7,5],[-2,2],[-25,19],[-6,4],[-4,5],[-5,3],[-4,4],[-52,39],[-2,2],[-5,4],[-47,35],[-18,14],[-33,24],[-5,4],[-38,29],[-2,1],[-37,31],[-20,15],[-19,14],[-73,59],[-20,17],[-26,21]],[[4935,8644],[50,64],[12,63],[4,24],[53,98],[35,42],[14,18],[39,54],[43,54],[2,2],[16,18],[36,40],[2,1],[10,14],[15,21],[22,29],[72,95],[4,5],[17,22],[2,3],[4,5],[3,2],[26,24],[0,1],[3,2],[18,21],[7,8],[17,21],[26,30],[12,28],[22,10],[12,14],[19,7],[3,6],[5,8],[25,36],[16,2],[33,42],[1,1],[-1,24],[31,27],[19,13],[16,6],[12,14],[6,7],[16,2],[13,17],[19,4],[9,8],[10,5],[29,22],[28,15],[9,19],[2,7],[18,13],[13,5],[6,3],[11,13],[35,6],[3,0],[8,10],[42,27],[14,14],[13,12],[7,17],[1,12],[8,13],[26,13],[32,3],[10,-1],[39,-2],[9,21],[17,16],[13,3],[11,0],[4,1],[5,2],[6,4],[2,1],[1,1],[10,11],[15,9],[10,3],[9,-7],[8,2],[10,-6],[8,-4],[8,-10],[30,-1],[11,-20],[4,-2],[16,-8],[17,0],[6,10]],[[6369,9953],[3,-40],[0,-1],[5,-52],[10,0],[1,0],[25,0],[1,0],[2,0],[26,-1],[1,0],[33,0],[7,-92],[1,-14],[5,-65],[1,-13],[1,-9],[0,-9],[1,-4],[0,-5],[1,-2],[3,-39],[1,-18],[3,-34],[0,-5],[0,-2],[1,-10],[3,-32],[3,-41],[4,-49],[1,-15],[3,-41],[5,-52],[3,-38],[2,-21],[17,-173],[23,-284],[2,-15],[14,-173],[2,-27],[5,-47],[21,-225],[2,-26],[0,-1],[1,-10],[0,-3],[3,-28],[7,-96],[0,-3],[1,-9],[-24,-3],[1,-14],[11,-141]],[[7253,9955],[193,12],[75,2],[66,2],[111,-1],[30,1],[15,1],[101,5],[39,2],[13,0],[84,4],[19,1],[33,1],[29,1],[27,1],[12,0],[7,1],[11,0],[-8,-37],[-4,-9],[-1,0],[-1,-6],[1,-7],[0,-3],[1,-5],[3,-10],[6,-10],[1,-2],[7,-9],[1,-2],[1,-2],[0,-9],[-2,-38],[1,-43],[0,-13],[0,-1],[-1,-1],[0,-1],[-2,-5],[-9,-7],[-1,-2],[-6,-7],[-3,-6],[-2,-7],[-3,-9],[-3,-13],[0,-5],[-1,-2],[-4,-30],[-3,-18],[-4,-9],[-5,-4],[-5,-8],[-2,-19],[0,-8],[2,-15],[1,-2],[5,-2],[5,-13],[2,-3],[1,-1],[1,-2],[3,-3],[10,-7],[3,-4],[2,-2],[4,-9],[19,-26],[1,-6],[1,-6],[1,-16],[0,-6],[0,-1],[-1,-8],[-2,-7],[-11,-13],[-4,-7],[-2,-11],[-5,-22],[-1,-4],[0,-1],[-1,-1],[-4,-10],[-8,-13],[-2,-7],[0,-1],[0,-8],[1,-27],[-1,-55],[0,-1],[2,-4],[3,-7],[0,-2],[-5,-15],[-6,-6],[1,-3],[3,-5],[0,-6],[-5,-2],[-1,-2],[0,-2],[-1,-16],[3,-6],[1,-6],[-1,-2],[-3,1],[-2,-1],[-6,-12],[0,-4],[1,-3],[0,-2],[-6,-16],[6,-9],[-2,-3],[-9,-9],[0,-1],[1,-6],[0,-2],[0,-2],[0,-1],[0,-4],[0,-4],[-1,-8],[-4,-9],[0,-2],[0,-3],[9,-11],[1,-7],[2,-7],[0,-1],[0,-1],[5,-12],[0,-5],[0,-4],[-2,-4],[-4,-6],[0,-1],[-1,-3],[6,-9],[2,-7],[2,-14],[9,-18],[7,-8],[2,-3],[4,-10],[1,-1],[1,-1],[7,-4],[9,-7],[5,-9],[0,-3]],[[8124,8961],[-78,-9],[-80,-11],[-2,-3],[1,-2],[0,-4],[2,-1],[2,-8],[-3,-9],[6,-6],[-1,-6],[-7,-2],[-7,-11],[1,-12],[-1,-2],[-11,-3],[-1,-3],[-4,-8],[-6,-4],[-3,-5],[-1,-8],[-3,-6],[-2,-4],[-5,-3],[-9,-1],[-13,1],[-9,4],[-4,-4],[-11,-3],[-25,-9],[-3,-4],[-2,-6],[-2,-10],[-1,-5],[-3,-4],[-9,-9],[-5,-2],[-7,0],[-8,-3],[-5,-4],[-2,1],[-3,2],[-2,0],[-7,-10],[-12,-7],[-4,-1],[-2,0],[-12,7],[-4,1],[-2,0],[-5,-8],[-6,-4],[-14,-6],[-5,-3],[-5,-10],[-16,-6],[-2,-1],[-4,0],[-7,2],[-6,-3],[-5,1],[-7,3],[-4,-2],[-2,-2],[-1,11],[-1,0],[-26,-2],[-33,-4],[-204,-29]],[[7402,8702],[-12,146],[0,2],[-1,18],[-17,158],[-16,-3],[-2,19],[-9,109],[-11,132],[-1,6],[0,5],[-3,26],[-25,-3],[-5,64],[0,3],[-4,44],[0,9],[-2,22],[-3,24],[0,5],[-3,29],[0,6],[-1,10],[0,1],[0,1],[-1,6],[-2,21],[-5,41],[1,79],[-1,30],[-2,29],[-9,73],[-2,16],[-5,43],[-5,47],[-3,35]],[[7402,8702],[-293,-49],[7,-72],[5,-51],[1,-7],[0,-1],[3,-25],[0,-6],[1,-3],[0,-4],[0,-2],[0,-1],[1,0],[0,-1],[0,-1],[0,-5],[0,-1],[1,-4],[3,-21],[0,-3],[0,-1],[0,-1],[1,-4],[0,-1],[0,-2],[1,-3],[1,-18],[1,-12],[8,-97],[26,-250],[-169,-28],[-69,-10]],[[6931,8018],[-130,-20],[-118,-17],[-27,-3],[-45,-7]],[[6369,9953],[5,7],[26,11],[23,-8],[7,1],[6,2],[8,2],[7,-5],[18,0],[96,-2],[28,0],[52,-2],[64,-2],[13,-1],[7,0],[125,-9],[10,-1],[4,0],[72,0],[40,1],[6,0],[6,0],[34,-1],[76,-1],[2,0],[1,0],[148,10]],[[8124,8961],[-1,-4],[0,-1],[1,-2],[9,-16],[0,-1],[1,-3],[0,-6],[0,-2],[2,-4],[1,-1],[6,-3],[2,-4],[1,-12],[0,-8],[0,-1],[0,-1],[1,-4],[2,-4],[8,-10],[8,-15],[2,-18],[0,-15],[5,-17],[1,-3],[1,-7],[0,-5],[1,-15],[0,-1],[-2,-20],[6,-20],[2,-12],[0,-1],[0,-5],[-3,-21],[-18,-57],[-3,-17],[-3,-14],[-3,-5],[-5,-8],[-11,-15],[-4,-8],[-2,-17],[0,-17],[9,-28],[3,-12],[2,-11],[0,-18],[0,-1],[-1,-13],[0,-20],[3,-19],[7,-31],[5,-17],[2,-13],[-2,-19],[-1,-2],[-4,-15],[-4,-18],[-5,-13],[-1,0],[-6,2],[-2,-1],[-4,-7],[-4,-3],[-8,-4],[1,-8],[-9,-9],[-1,-9],[-5,-6],[-1,-1],[0,-8],[-3,-7],[-5,-13],[0,-4],[-11,-9],[-3,-5],[-3,-5],[-3,-1],[-6,-5],[-2,-9],[-2,-1],[-2,-1],[-2,0],[-3,-3],[0,-4],[1,-7],[1,-10],[-1,-4],[-7,-8],[-2,-5],[0,-5],[1,-6],[1,-4],[0,-2],[-4,-8],[-1,-16],[-4,-21],[-1,-3],[-6,-11],[-4,-3],[-5,-12],[0,-2],[2,-12],[3,-19],[0,-11],[0,-3],[-1,-1],[-5,-25],[-5,-15],[-11,-30],[-2,-17],[-2,-18],[-7,-41],[1,-5],[8,-9],[3,-2],[1,-1],[5,-10],[4,-2],[7,-5],[5,-6],[4,-12],[2,-11],[0,-11],[-7,-56],[-1,-8],[0,-6],[1,-9],[6,-19],[2,-41],[-4,-35],[1,-6],[4,-14],[4,-15],[5,-25],[2,-6],[15,-27],[9,-23],[3,-10],[0,-1],[0,-3],[-6,-21],[-3,-12],[-1,-8],[0,-1],[0,-1],[2,-4],[9,-11],[1,-3],[1,-3],[-2,-6],[-4,-7],[-7,-4],[-8,-11],[-2,-7],[-3,-16],[0,-3],[3,-7],[9,-9],[3,-6],[2,-5]],[[8073,7328],[-14,-2],[-2,-1],[-5,0],[-9,-1],[-1,-1],[-1,0],[-2,0],[-20,-3],[-21,-3]],[[7998,7317],[-12,-1],[-49,-7],[-161,-28],[-31,-5],[-185,-32],[-87,-14],[-19,-3],[-3,-1],[-10,-2],[-7,-1],[-218,-37]],[[7216,7186],[-2,2],[0,4],[1,11],[2,9],[1,11],[0,10],[0,6],[2,6],[5,11],[4,12],[0,1],[-2,7],[-1,11],[2,9],[0,5],[-9,4],[-11,3],[-8,5],[-10,7],[-7,6],[-4,3],[-3,-3],[-1,-6],[-3,-1],[-7,4],[-8,-2],[-8,6],[-11,3],[-8,9],[-18,9],[1,11],[-1,7],[-1,2],[-7,5],[-5,1],[-5,1],[-5,-2],[-4,-2],[-3,-5],[-8,1],[-8,-5],[-16,0],[-16,-7],[-2,-2],[-12,-18],[-3,-2],[-94,153],[-61,100],[102,99],[-6,65],[-27,268]],[[5459,8233],[-111,-222],[-15,-32],[47,-38],[30,-25],[-18,-39],[-5,-12],[12,-10],[-11,-23],[0,-4],[0,-55],[-61,-3],[1,-10],[3,-17],[4,-52],[1,-11],[-43,-5],[-2,5],[-2,2],[-3,0],[-1,-1],[-7,-2],[-4,-2],[-6,1],[-2,1],[-7,9],[-22,-23],[-13,-13],[0,-2],[-1,0],[-12,-12],[-13,-14],[-50,-54],[-16,-17],[-1,-1],[-1,-1],[-26,-26],[-1,0],[-9,-10],[-6,-7],[-10,-9],[-10,-11],[-1,-1],[-3,-4],[-104,12],[-1,-27],[-8,-118],[-4,-59],[39,-3],[1,0],[23,-2],[18,-3],[8,-111],[7,-109]],[[5043,7063],[-16,3],[-40,4],[-60,8],[-10,0],[-38,6],[-41,4],[-20,3],[-59,7],[-33,5],[4,-86],[-68,9],[-12,2],[-21,3],[-25,4],[-45,4],[-54,5]],[[4505,7044],[-7,85],[0,7],[-1,5],[-8,65],[-4,18],[-9,50],[-5,29],[-3,15],[-1,2],[-1,3],[-7,11],[-17,32],[-21,27],[-14,7],[-7,6],[-2,16],[3,17],[8,10],[9,12],[9,10],[15,5],[8,6],[11,-2],[9,-5],[11,-18],[21,-4],[12,9],[16,19],[28,22],[16,2],[16,10],[7,11],[1,13],[2,20],[-7,43],[0,2],[-4,16],[-1,11],[0,20],[-1,3],[-5,14],[-9,6],[-1,-1],[-29,-5],[-6,6],[-13,14],[-29,14],[-25,11],[-11,-10],[-10,-5],[-10,0],[-8,1],[-7,4],[-6,6],[0,15],[3,18],[-4,12],[-15,18],[-8,5],[-11,4],[-3,10],[-2,11],[1,18],[3,31],[1,1],[-5,26],[-5,5],[-71,26],[0,37],[-8,28],[4,25],[7,26],[3,21],[4,9],[51,137],[33,10],[27,1],[19,0],[6,-1],[49,24],[6,5],[13,10],[34,41],[3,91],[40,35],[4,-3],[1,-2],[11,1],[8,7],[18,3],[33,36],[33,36],[47,26],[9,8],[22,0],[1,0],[3,0],[3,-1],[4,-2],[2,-5],[4,-2],[26,14],[12,14],[13,9],[10,14],[11,5],[53,59],[14,19]],[[5808,7966],[7,-106],[10,-137],[1,-9],[0,-1],[10,-138],[8,-100],[-1,-6],[2,-23],[13,-189],[7,-95],[0,-9],[2,-20],[0,-1],[10,-137],[7,-95]],[[5884,6900],[-25,-19],[-41,-33],[-26,-22],[-54,-43],[-28,-23],[-3,-2],[-5,-4],[-11,-8],[0,-1],[-11,-8],[-44,-35],[-5,-4],[-2,-2],[-5,-4],[-1,-1],[-12,-10],[-2,-1],[-31,-24],[-10,-8],[-41,-34],[-41,-33],[-127,-105],[-11,-8],[-36,14],[-34,14],[-24,10],[-30,12],[-1,0],[-9,4],[-18,7],[-7,3],[-4,1],[-33,13],[-14,5],[-4,2],[-12,5],[-9,4],[-11,3],[-35,15]],[[5067,6580],[-1,3],[-1,46],[-1,34],[0,1],[-1,11],[0,9],[-1,31],[-2,32],[-2,66],[-3,39],[0,12],[-2,58],[-2,26],[-1,17],[-2,26],[-5,72]],[[7216,7186],[-2,0],[-198,-35],[14,-158],[27,-301],[4,-46],[9,-103],[15,-182]],[[7085,6361],[2,-16],[1,-10],[10,-105],[8,-85],[3,-25],[0,-7],[1,-12]],[[7110,6101],[-67,-8],[-9,-1],[-12,-1],[-18,-3],[4,-59],[-91,-10],[-4,-1],[-33,-4],[-5,60],[-10,0],[-15,-2],[-14,-3],[-127,-14],[-34,-4],[-37,-3],[-5,-1],[-19,-2],[-3,-1],[-215,129],[-10,6],[0,-7]],[[6386,6172],[-2,2],[-9,5],[-1,1],[-1,0],[-7,5],[-24,14],[-59,36],[-21,12],[-51,32],[-1,0],[-20,12],[17,48],[25,68],[75,209],[-27,353],[0,1],[-1,15],[-15,189],[-5,61],[-9,115],[-24,325],[-19,232]],[[6386,6172],[7,-85],[14,-150],[2,-7],[-1,-6],[-1,0],[-5,-3],[-3,-1],[0,2],[-5,0],[-3,-2],[-5,-4],[-6,-11],[-1,-6],[0,-6],[6,-6],[7,-13],[0,-3],[-2,-1],[-13,-2],[-5,-7],[-4,1],[-10,-4],[-1,-1],[3,-23],[4,-10],[3,-5],[-1,-4],[-1,-3],[-2,1],[-2,2],[-7,0],[-2,-2],[0,-2],[-5,-5],[-9,0],[-10,-2],[0,-1],[0,-3],[2,-2],[0,-4],[-2,-2],[-2,-1],[-6,2],[-5,-1],[-1,-2],[0,-2],[3,-4],[0,-2],[-3,-9],[0,-2],[2,-5],[-2,-2],[2,-6],[3,-16],[0,-3],[0,-2],[-6,-5],[-4,-8],[-1,-3],[0,-4],[0,-4],[6,-8],[1,-6],[-1,-7],[0,-7],[4,-5],[1,-3],[3,-3],[1,-3],[0,-2],[-1,-2],[0,-6],[5,-17]],[[6327,5644],[0,-11],[4,-3],[4,-2],[7,-9],[3,-6],[2,-8],[4,-24],[-1,-27],[0,-1],[-3,-15],[5,-2],[-2,-21],[-8,-88],[-4,-29],[0,-15],[-1,-7],[-12,-110],[-3,-29]],[[6322,5237],[-88,47],[-58,30],[-1,-9],[-3,-26],[-5,-39],[0,-3],[-8,-67],[-18,-18],[-8,7],[-7,5],[-46,36],[-8,6],[-12,9],[-9,6],[-2,2],[-2,2],[-1,1],[-14,11],[-3,2],[-5,4],[-1,0],[-3,3],[-27,19],[-52,38],[-11,8],[-13,10],[-18,13],[-4,3],[-17,-38],[-7,-14],[-3,-8],[-7,-14],[-13,-30],[-2,-4],[-89,-7],[-2,52]],[[5755,5274],[13,1],[-1,8],[-5,104],[-1,21],[-8,132],[-1,5],[-1,19],[-1,24],[0,2],[-1,14],[-1,14],[-1,18],[-1,19],[4,9],[4,7],[4,7],[2,4],[15,29],[8,14],[5,10],[3,5],[3,7],[2,2],[7,15],[8,13],[1,3],[6,11],[1,2],[2,3],[1,3],[10,21],[15,30],[3,7],[2,5],[6,12],[5,12],[13,29],[20,42],[0,1],[39,84],[-4,2],[-1,3],[0,4],[4,2],[0,2],[-2,3],[-3,0],[-7,-5],[-5,-4],[-12,1],[-8,5],[-7,7],[-11,6],[-5,1],[-6,4],[-1,1],[-1,11],[-1,1],[-15,4],[-1,1],[0,1],[-7,11],[-2,0],[-1,-5],[-4,-4],[0,-3],[1,-2],[-1,-2],[-1,-2],[-2,1],[-1,1],[-2,16],[1,7],[-1,2],[-1,0],[-1,-4],[-5,-3],[-2,0],[-2,6],[-1,6],[3,4],[1,2],[1,1],[1,6],[-1,5],[0,9],[2,3],[1,0],[2,7],[1,2],[1,1],[0,3],[1,11],[1,3],[3,4],[1,0],[0,2],[1,13],[3,7],[-2,10],[-1,3],[0,1],[9,-1],[9,5],[4,1],[3,-1],[4,1],[1,-2],[2,-4],[3,-1],[1,8],[0,1],[-1,4],[3,2],[5,0],[2,0],[6,2],[1,4],[9,23],[5,0],[4,6],[0,2],[1,2],[4,2],[15,3],[-13,190],[-3,39],[0,15],[-1,7],[-9,117],[-2,24],[-2,50],[-3,48],[0,4],[-1,8],[-1,14],[-7,113]],[[8073,7328],[1,-6],[1,-12],[1,-4],[11,-12],[7,-6],[6,-10],[3,-16],[1,-4],[5,-11],[0,-1],[0,-1],[0,-1],[-5,-14],[-12,-28],[-6,-13],[-1,-3],[0,-1],[0,-1],[-1,-3],[0,-14],[1,-15],[0,-1],[-1,-7],[-9,-17],[-7,-8],[-4,-6],[-7,-17],[-2,-9],[-1,-1],[-2,-5],[0,-1],[-3,-4],[-5,-3],[-3,-7],[-1,-4],[2,-8],[-1,-7],[-4,-20],[-1,-7],[-8,-24],[-1,-13],[-4,-10],[-6,-5],[-2,-3],[-2,-4],[-3,-13],[1,-5],[12,-25],[1,-3],[0,-3],[-7,-18],[-1,-3],[2,-10],[1,-8],[-4,-9],[-7,-18],[-1,-5],[0,-3],[1,-2],[2,-5],[3,-2],[8,-3],[4,-9],[14,-14],[7,-5],[3,-2],[3,0],[5,4],[10,13],[1,2],[0,2],[1,4],[-2,12],[0,27],[8,6],[5,8],[1,3],[0,3],[-4,15],[2,4],[6,10],[0,1],[-4,7],[1,3],[0,1],[1,0],[2,0],[1,0],[2,-2],[2,0],[8,2],[1,1],[14,-5],[7,7],[17,0],[1,0],[5,4],[8,-1],[6,-6],[3,-1],[3,8],[2,1],[3,-2],[2,-3],[0,-3],[3,-30],[2,-2],[6,-11],[2,-6],[0,-9],[-1,-10],[0,-3],[-5,-11],[6,-5],[0,-2],[-3,-4],[0,-1],[-1,-4],[1,-3],[1,-1],[11,2],[5,-4],[0,-5],[2,-2],[13,-5],[6,-7],[4,-5],[3,-4],[8,-18],[5,-6],[0,-3],[-2,-5],[0,-15],[3,-2],[2,-2],[3,-8],[2,-7],[1,0],[0,-6],[-1,-6],[-1,-4],[-5,-4],[-1,-6],[0,-9],[1,-1],[0,-8],[-1,-51],[-1,-48],[-1,-48],[0,-23],[-1,-42],[-1,-29],[0,-4],[-1,-14],[-1,-60],[0,-1],[0,-15],[-1,-20],[0,-4],[-4,-207],[-3,-64],[0,-1],[0,-4],[-2,-86],[-6,-183],[0,-5],[0,-18],[-1,-20],[-5,-113],[-6,-204]],[[8205,5415],[-74,0],[-29,0],[-15,1],[-15,-1],[1,1],[-5,7],[-8,5],[-5,8],[-6,0],[-4,-2],[-3,3],[-1,4],[-5,3],[-5,1],[-5,-2],[-6,-3],[-5,2],[-2,6],[-8,-1],[-10,-10],[-11,-6],[0,-2],[0,-9],[0,-2],[-1,-1],[-15,0],[-3,-1],[-45,-1],[-5,0],[-12,-1],[-5,0],[-13,0],[-11,-1],[-52,-1],[-9,-1],[-3,0],[-11,0],[-50,-2]],[[7749,5409],[3,5],[2,7],[2,11],[1,9],[0,8],[-3,23],[0,2],[3,5],[23,19],[3,4],[1,26],[1,10],[3,7],[9,11],[5,15],[3,20],[-1,19],[1,9],[5,15],[1,12],[0,3],[7,7],[3,7],[1,6],[-4,14],[-1,12],[0,6],[4,10],[2,4],[2,10],[-3,6],[-1,4],[0,5],[2,9],[4,7],[0,6],[-3,15],[0,3],[1,13],[-1,5],[-2,5],[-2,2],[-4,3],[-4,5],[-6,17],[-1,8],[0,10],[8,19],[5,9],[1,3],[0,4],[-1,2],[-1,6],[-3,8],[1,5],[0,2],[-2,2],[-4,0],[-2,5],[-1,3],[1,4],[4,7],[3,4],[4,12],[0,3],[-2,12],[-4,4],[0,3],[3,22],[5,15],[0,3],[-2,7],[-1,5],[0,7],[-6,19],[-4,7],[-5,3],[-1,3],[-4,16],[0,5],[0,3],[5,9],[3,4],[1,0],[0,1],[3,6],[1,5],[0,9],[-3,9],[-1,2],[-3,5],[-3,4],[-1,1],[-6,-2],[0,2],[0,6],[1,15],[0,2],[3,10],[3,16],[2,7],[3,4],[2,2],[1,5],[0,2],[-8,13]],[[7800,6217],[-2,15],[0,2],[0,2],[-1,5],[0,5],[-1,3],[-4,41],[-4,30],[-3,34],[-1,5],[-1,10],[0,6],[-1,3],[-1,10],[-1,10],[-1,12],[-1,11],[-6,55],[0,4],[-1,3],[0,4],[0,1],[-1,5],[-7,66],[0,3],[-4,36],[0,5],[0,1],[-1,6],[-1,5],[-10,25],[1,1],[5,-2],[0,2],[-4,7],[3,0],[0,2],[0,1],[0,6],[2,-2],[-2,9],[1,8],[4,14],[3,7],[3,0],[6,-3],[1,1],[0,19],[1,12],[1,6],[6,11],[1,5],[0,4],[0,-2],[2,2],[3,11],[0,3],[-2,2],[-4,3],[-2,3],[0,2],[2,14],[8,9],[4,1],[2,0],[0,-1],[5,0],[11,4],[5,6],[1,2],[2,2],[2,-1],[1,2],[0,5],[3,1],[1,5],[-2,1],[-4,-2],[0,3],[2,4],[1,0],[1,0],[3,2],[5,6],[5,11],[4,17],[7,8],[12,21],[7,15],[2,7],[4,8],[14,17],[4,7],[0,1],[6,3],[1,1],[3,-2],[4,1],[1,4],[-3,0],[4,3],[0,5],[5,0],[6,2],[3,4],[1,4],[-2,9],[5,-2],[3,3],[4,7],[0,27],[-1,4],[-1,8],[4,3],[6,12],[4,19],[-1,5],[0,4],[5,14],[3,2],[2,0],[5,17],[0,4],[-3,4],[2,7],[4,5],[0,8],[4,11],[3,3],[1,6],[0,2],[2,-2],[3,2],[-2,3],[-1,6],[2,16],[-1,6],[0,10],[-2,8],[-2,12],[1,4],[4,3],[4,3],[0,2],[-3,12],[-3,2],[-12,6],[0,4],[2,7],[8,10],[4,1],[4,4],[14,25],[12,12],[0,3],[-2,4]],[[7800,6217],[-6,1],[-4,0],[-4,-1],[-14,-2],[-3,-1],[-3,0],[-8,-2],[-5,4],[-1,1],[-3,1],[-2,0],[-5,-2],[-3,-4],[2,-24],[-12,-8],[0,1],[-3,3],[-9,-2],[-7,1],[-3,3],[-4,2],[0,-2],[-5,-11],[0,-5],[18,-27],[-10,-20],[-9,-1],[-6,9],[-5,30],[-6,7],[-4,-3],[-3,-9],[-4,-1],[-8,2],[-1,-1],[-3,-7],[-2,-3],[-6,-2],[-7,-1],[-4,-1],[-9,-4],[-9,-7],[-3,-4],[0,-2],[-1,-4],[4,-17],[-4,-11],[-2,-9],[-3,-8],[-11,-15],[-9,-9],[-2,-4],[-2,-10],[-1,-4],[-3,-3],[-5,1],[-3,5],[-4,7],[-4,15],[-13,21],[-4,4],[-14,9],[-6,2],[-2,-1],[-4,-1],[-3,2],[-5,-1],[-2,-5],[-2,-3],[-4,-3],[-1,0],[-3,5],[-4,2],[-2,2],[-2,3],[-1,6],[1,23],[0,3],[2,8],[1,4],[9,11],[1,3],[0,3],[-3,16],[0,9],[3,20],[0,11],[-1,3],[-2,0],[-7,-1],[-5,4],[-4,12],[-3,6],[0,2],[0,4],[-1,2],[-7,10],[-1,2],[-6,2],[-3,4],[-3,3],[0,5],[3,7],[3,3],[1,7],[-1,3],[-6,8],[-6,6],[-1,2],[0,14],[0,3],[-1,2],[-10,10],[-2,5],[0,8],[3,8],[2,7],[-5,27],[-4,6],[-7,22],[0,2],[-7,-1],[-20,-4],[-121,-20],[-1,0],[-27,-5],[-1,0],[-3,0],[-170,-29]],[[5067,6580],[-70,28],[-4,1],[-46,-176],[-15,-60],[-1,-2],[-6,-22],[-24,-91],[31,-12],[-9,-103],[-1,-21],[-3,-38],[-2,-30],[-1,-2],[0,-3],[-11,-165]],[[4905,5884],[-7,2],[-6,1],[-19,4],[-19,6],[-3,3],[-5,24],[-1,4],[-2,2],[-18,-7],[-3,-4],[-4,-1],[-4,4],[-4,5],[-1,9],[-3,2],[-13,0],[-5,-4],[-4,-2],[-5,4],[-3,7],[0,2],[-1,1],[-7,3],[-1,0],[-1,-3],[1,-1]],[[4767,5945],[-8,-7],[-5,-7],[-1,0],[-2,1],[-5,14],[-2,3],[-7,5],[-11,6],[-8,1],[-1,2],[-2,6],[0,1],[0,2],[-8,8],[-7,7],[-4,1],[-4,0],[-1,-2],[0,-3],[-4,-3],[-8,3],[-4,1],[-8,-3],[-7,-1],[-4,3],[-2,6],[-3,20],[0,2],[1,2],[4,1],[12,-2],[4,-2],[-5,5],[-9,2],[-1,3],[1,3],[-1,-2],[0,-4],[-6,2],[-2,2],[-1,3],[-5,3],[-9,9],[-2,1],[-4,-2],[-4,1],[-1,2],[0,2],[0,2],[0,1],[-8,8],[-4,5],[-7,2],[-6,-1],[-4,2],[-7,5],[-3,3],[-4,4],[-10,-1],[-10,6],[-1,2],[-5,0],[-11,8],[-3,7],[-2,2],[-4,2],[-3,3],[-18,28],[-8,10],[-4,2],[-4,-2],[-5,-5],[-1,-3],[2,-4],[1,-3],[-1,-4],[-4,-13],[1,-3],[2,-24],[-2,-5],[-2,-4],[2,-2],[7,-2],[2,-1],[1,-6],[-1,-6],[0,-7],[3,-15],[10,-11],[-5,-10],[-10,9],[-4,-8],[-1,-6],[2,-3],[1,-2],[-3,-3],[-9,-5],[-6,1],[-3,0],[-7,6],[-5,10],[-8,4],[-5,1],[-9,27],[-6,12],[-2,4],[1,6],[-2,2],[-5,-3],[-1,0],[-3,5],[-2,3],[-8,1],[-2,-2],[0,-1],[4,-9],[6,-5],[1,-11],[4,-3],[2,-6],[0,-11],[-3,-11],[-3,-6],[-2,-3],[-2,-9],[-2,-3],[-4,-4],[-1,0],[-7,-3],[-3,13],[-4,6],[-2,5],[0,10],[-2,6],[-11,10],[-3,8],[-4,3],[0,1],[-5,4],[-6,-1],[-3,-2],[-3,0],[-5,2],[-4,4],[-26,-1],[0,2],[-9,-1],[-9,0],[-9,-1],[-19,-1],[-3,0],[-25,-2],[-72,-5],[-14,-1],[-10,0]],[[4152,6043],[-1,20],[0,4],[-1,28],[0,12],[-20,0],[-71,-3],[-61,-3],[-5,-1],[-5,141],[-1,17],[-1,21],[-1,41],[-1,8],[-1,24],[-1,27],[-2,51],[-1,11],[0,1],[0,7],[-1,6],[0,1],[0,2],[0,9]],[[3978,6467],[12,9],[56,56],[32,21],[3,2],[5,3],[5,7],[7,11],[8,6],[11,-5],[25,14],[7,15],[12,24],[44,36],[25,27],[9,4],[50,5],[3,1],[29,-28],[19,-3],[42,2],[34,19],[14,7],[24,8],[6,2],[9,8],[14,27],[10,34],[8,32],[5,57],[1,30],[1,36],[1,35],[0,6],[1,2],[-5,67]],[[5755,5274],[-38,-5],[-1,0],[-2,-6],[-5,-8]],[[5709,5255],[-3,0],[-11,0],[-14,-1],[-16,-2],[-6,0],[-5,0],[-16,-1],[-4,-1],[-1,0],[-19,-1],[-1,0],[-38,-3],[-45,-4],[-60,-5],[-1,21],[-6,96],[-2,37],[-15,0],[-12,0],[-2,0],[-4,0],[0,-1],[-17,0],[-23,-1],[-53,-1],[0,31],[-6,105],[-3,61],[-2,37],[-4,0],[-23,-2],[-13,-1],[-16,-1],[-2,7],[0,10],[-4,6],[-1,5],[0,1],[-1,0],[-4,4],[-1,1],[-1,6],[1,2],[4,0],[0,1],[-1,2],[6,9],[1,4],[-4,5],[-4,2],[-10,1],[-5,4],[-5,11],[-1,4],[-4,-1],[-3,1],[-4,5],[-8,1],[-3,4],[0,1],[-2,5],[2,3],[-2,13],[0,3],[0,11],[1,1],[0,1],[1,0],[0,1],[0,3],[-6,7],[-2,7],[-3,4],[-2,1],[-2,0],[0,1],[-5,6],[0,2],[1,4],[2,4],[-3,0],[-14,3],[-4,0],[-5,6],[0,2],[1,4],[0,2],[-3,1],[-4,-1],[-1,-2],[-2,1],[-6,6],[0,2],[4,4],[1,5],[-7,3],[-8,7],[-4,7],[0,2],[2,3],[0,2],[-4,-1],[-4,-5],[-7,1],[-1,4],[0,21],[1,5],[-3,2],[-3,-1],[-12,8],[-2,2],[1,3],[2,2],[-4,6],[-6,-1],[-4,1],[-5,5],[-5,4],[-8,-12],[-2,-2],[-3,0],[-3,1],[-5,4],[-3,4],[-2,6],[-3,3],[-17,12],[-2,-2],[-1,-3],[-1,-3],[-5,-2],[-5,-1],[-2,-2],[0,-4],[-5,-6],[-2,-3],[-5,-2],[-3,0],[-15,4],[-1,1],[-7,0],[-9,-4],[-7,-1],[-10,3],[-2,0],[-8,-6],[-8,-3],[-6,-12],[0,-2],[-3,-4],[-5,-3],[-5,-1],[-5,4],[-3,8],[-12,8]],[[4152,6043],[2,-43],[0,-3],[0,-18],[1,-7],[1,-24],[0,-4],[2,-47],[2,-35],[-10,0],[-5,-3],[-2,-3],[0,-2],[4,-10],[6,-14],[3,-14],[4,-23],[1,-17],[0,-4],[-2,-3],[-7,2],[-5,3],[-6,1],[-4,0],[-8,-9],[-2,-6],[0,-4],[0,-2],[2,-49],[1,-18],[2,-38],[1,-12],[1,-28],[0,-15],[1,-21],[1,-23],[37,3],[0,-12],[0,-13],[1,-19],[2,-38],[1,-24],[1,-33],[2,-31],[0,-2],[2,-35],[5,-120],[1,-28],[4,1],[3,0],[7,0],[26,2],[17,1],[19,1],[23,2],[20,1],[34,-44],[18,-21],[12,-15],[9,-13],[9,-14],[16,-33],[5,-12],[1,-21]],[[4411,5033],[6,-161],[5,-154],[0,-7],[0,-4]],[[4422,4707],[-13,-1],[-1,0],[-3,0],[-21,-1],[-37,-2],[-25,-1],[-9,0],[-6,-1],[-10,0],[-11,-1],[-17,0],[-20,-1],[-6,0],[-1,0],[-2,0],[-14,-1],[-48,-2],[0,13],[0,1],[-1,5],[-1,-1],[-16,0],[-7,-1],[-18,0],[-14,-1],[-6,0],[-1,-1],[-34,-1],[-6,-1],[-2,0],[-1,0],[-15,-1],[-15,-1],[-6,0],[-3,0],[-25,-2],[-14,-1],[-11,0],[-1,7],[-24,-2],[-42,-3]],[[3915,4706],[-6,27],[-18,77],[-3,10],[-3,5],[-9,17],[-28,35],[-5,8],[-7,19],[-3,18],[-2,15],[-1,12],[-3,27],[-2,19],[-3,50],[0,28],[2,12],[10,25],[2,5],[7,22],[5,16],[3,16],[0,14],[-1,12],[-1,5],[-2,9],[-1,8],[0,18],[0,16],[-1,3],[-2,13],[-5,17],[-7,21],[-4,13],[-2,5],[-1,20],[-1,12],[1,17],[1,6],[4,35],[0,4],[-3,12],[-3,10],[2,4],[0,11],[1,2],[1,7],[-1,6],[0,5],[11,12],[1,5],[-2,21],[4,6],[3,3],[3,4],[1,4],[-1,11],[-1,14],[0,3],[4,7],[8,10],[2,5],[-1,6],[-3,8]],[[3855,5593],[-6,20],[0,9],[0,10],[2,32],[-1,14],[1,2],[2,2],[3,7],[4,4],[5,3],[5,22],[-1,11],[0,10],[0,7],[-1,14],[0,14],[-1,9],[-1,27],[0,7],[0,13],[-1,13],[-1,25],[0,5],[0,11],[-1,13],[-2,76],[-1,10],[0,11],[-1,34],[-1,24],[-1,14],[0,5],[0,3],[-1,17],[-1,12],[0,4],[0,16],[-2,32],[-2,0],[0,9],[-3,50],[0,20],[-2,39],[-1,13],[-1,14]],[[3844,6300],[4,0],[3,0],[3,0],[16,1],[1,0],[4,0],[16,18],[1,1],[1,1],[1,1],[17,28],[34,77],[15,27],[18,13]],[[7749,5409],[-6,-4],[-12,-2],[-5,-4],[-6,-5],[-1,-1],[-2,-3],[-3,-7],[0,-1],[0,-1],[-1,-4],[-1,-1],[-5,-8],[-4,-7],[-9,-16],[-5,-15],[-1,-9],[0,-6],[0,-5],[-1,-10],[1,-3],[1,-2],[3,-9],[1,-7],[4,-7],[4,-9],[-1,-18],[-2,-19],[2,-6],[2,-13],[1,-13],[1,-8],[0,-1],[4,-7],[2,-7],[5,-21],[3,-11],[0,-14],[2,-8],[-4,-14],[-3,-4],[-5,-2],[-6,-9],[0,-1],[-2,-15],[-1,-3],[-2,-8],[-1,-1]],[[7696,5060],[-4,0],[-1,-1],[-1,-7],[-7,-6],[-1,-3],[-2,0],[-5,3],[-4,3],[-1,1],[-7,8],[-7,12],[-2,12],[0,2],[-3,4],[-9,12],[-1,4],[0,2],[2,3],[2,4],[1,2],[-1,2],[-2,3],[-3,6],[-1,14],[-1,3],[-5,4],[-6,-3],[-8,-5],[-13,-30],[-2,-9],[-11,-14],[-8,-17],[-2,-3],[-3,0],[-11,13],[-3,1],[-3,-1],[-6,-5],[-8,-16],[-6,-7],[-2,-1],[-12,0]],[[7529,5050],[-16,3],[-7,8],[-1,2],[-1,12],[-4,7],[-12,10],[-5,15],[-1,1],[-9,16],[-6,17],[-11,19],[-2,2],[-9,11],[-5,31],[-3,5],[-7,-1],[-11,2],[0,6],[-1,7],[-1,21],[0,2],[-3,40],[-1,5],[-1,20],[-2,8],[-1,9],[-1,12],[0,3],[-17,-1],[-4,-3],[-8,-4],[-12,-7],[-21,-15],[-2,-1],[-5,5],[-6,10],[-7,16],[-29,32],[-1,2],[-2,3],[-1,-1],[-2,3],[-12,11],[-6,5],[-9,6],[-1,0],[-4,3],[-1,1],[-11,5],[-6,4],[-5,6],[-18,13],[-1,0],[-3,0],[-28,4],[-16,1]],[[7170,5441],[-1,8],[-1,14],[-1,6],[-1,14],[0,6],[-1,5],[-1,8]],[[7164,5502],[0,8],[-4,43],[-1,9],[0,2],[0,1],[0,2],[-4,36],[-6,75],[-1,9],[-5,51],[0,4],[-1,9],[-10,106],[0,11],[-1,8],[-1,4],[-2,25],[-1,8],[0,2],[0,7],[0,1],[-1,3],[0,2],[0,3],[0,1],[-1,6],[-1,16],[-2,22],[0,1],[-5,52],[0,1],[-1,16],[-5,45],[-1,10]],[[1640,6361],[23,2],[16,1],[58,6],[16,2],[7,0],[1,0],[4,-1],[10,-4],[1,0],[1,0],[20,-1],[17,-1],[24,-1],[6,-1],[18,-1],[14,0],[5,-1],[13,0],[18,-1],[21,-4],[38,5],[16,2],[35,4],[8,1],[3,1],[12,1],[4,0],[11,0],[23,0],[14,0],[1,0],[13,-2],[16,-4],[6,-1],[1,0],[27,-5],[22,-5],[4,0],[12,-3],[36,-3]],[[2235,6347],[0,-21],[0,-29],[0,-29],[0,-13],[0,-18],[-1,-30],[0,-14],[0,-18],[0,-5],[-1,-41],[0,-26],[0,-9],[0,-24],[0,-21],[0,-7],[0,-7],[0,-4],[0,-1],[0,-3],[0,-2],[0,-4],[0,-5],[0,-1],[0,-3],[0,-24],[0,-8],[0,-3],[-1,-117],[0,-19],[0,-7]],[[2232,5834],[-3,0],[-22,-2],[-8,0],[-5,0],[-5,-1],[-7,0],[-14,-1],[-22,0],[-5,0],[-10,0],[-1,0],[-21,0],[-2,0],[-3,0],[-1,0],[-15,0],[-5,0],[0,2],[-63,0],[-36,-1],[-12,0],[-6,0],[-19,-1],[-15,1],[-10,-1],[-12,0],[-64,0],[-10,0],[-19,-1],[-19,0],[-63,-1],[-26,0],[-42,-2],[-15,-1],[-12,-1]],[[1640,5824],[0,17],[0,16],[0,14],[1,25],[0,1],[1,11],[0,12],[1,24],[1,24],[2,50],[0,24],[-1,10],[0,19],[-1,4],[0,6],[-1,21],[-4,107],[0,50],[0,31],[1,16],[0,53],[0,1],[0,1]],[[1640,5824],[0,-8],[1,-74],[0,-7]],[[1641,5735],[-4,-2],[4,-3],[-10,-10],[1,5],[-4,5],[-12,0],[-6,-8],[-3,3],[-3,-3],[-4,-1],[-3,3],[-8,14],[1,5],[-2,5],[-4,8],[-7,-7],[-1,-6],[3,-3],[-6,-2],[-5,-4],[-11,-1],[-6,-4],[-6,1],[0,5],[-8,4],[0,6],[7,1],[-1,7],[-5,5],[-5,-5],[1,-3],[-1,-3],[-1,-1],[-13,-7],[8,11],[-7,5],[-5,-6],[2,-2],[-3,-12],[-14,1],[2,-14],[3,-1],[-5,-5],[-1,9],[-3,8],[-3,3],[-4,-10],[6,-9],[-3,-10],[-5,-6],[-6,7],[-3,-15],[-2,1],[0,6],[-10,-1],[-5,2],[1,6],[-8,1],[-2,-4],[-3,1],[-1,7],[6,13],[-5,3],[-1,3],[-3,2],[-3,-5],[-6,-1],[-3,5],[-4,9],[3,6],[-8,-1],[-2,4],[-5,5],[2,-17],[-2,-3],[-3,0],[-3,2],[-3,-5],[3,-3],[1,-8],[-1,-3],[-2,0],[-9,5],[-2,3],[-9,4],[-3,-2],[-12,-3],[-3,2],[-2,-1],[0,-5],[-2,-5],[-2,0],[-5,10],[0,4],[-2,3],[-3,2],[-7,-5],[-4,1],[-9,1],[-1,-1],[-2,-9],[-2,-1],[-5,3],[-4,-5],[-3,0],[-2,6],[-3,4],[-4,1],[-8,-4],[-1,-2],[-2,-3],[-2,-9],[-5,-7],[2,-7],[0,-6],[-1,-2],[-4,1],[-5,2],[-8,0],[-3,2],[-2,1],[-12,-1],[-4,-2],[-4,-6],[-5,-3],[-11,2],[-19,-1],[-6,-8],[-1,-4],[3,-11],[-3,-4],[-9,-4],[-7,-1],[-3,0],[-6,1],[-3,-1],[-2,-2],[-1,-2],[-1,-4],[1,-5],[6,-12],[1,-9],[-3,-13],[-3,-3],[-1,-6],[-2,-4],[-8,-11],[-3,-1],[-5,1],[-7,0],[-7,6],[-5,2],[-12,0],[-2,-1],[-6,-2],[-1,0],[-3,1],[-2,1],[-11,-1],[0,7],[-3,20],[-1,8],[-4,14],[-12,16],[-7,7],[-43,27],[-6,2],[-32,1],[-13,1],[-6,0],[-24,2],[-18,-5]],[[934,5688],[-4,1],[-16,6],[-7,3],[-37,14],[0,9],[-1,2],[7,12],[6,10],[0,1],[1,2],[0,3],[5,21],[-1,9],[-1,4],[0,10],[-1,10],[3,10],[4,5],[6,12],[3,6],[7,7],[2,12],[0,12],[-2,9],[-3,21],[-2,5],[-6,18],[0,2],[0,10],[0,2],[0,10],[2,20],[1,10],[-2,15],[-1,12],[0,19],[0,9],[-3,32],[-1,4],[-7,28],[-1,4],[-10,21],[63,25],[1,0],[22,6],[39,11],[24,12],[27,14],[38,17],[53,22],[7,5],[22,12],[3,-2],[10,3],[7,2],[5,2],[19,5],[30,9],[30,13],[9,3],[36,9],[27,6],[4,2],[75,34],[0,1],[13,2],[75,19],[22,5],[14,2],[3,0],[20,4],[37,5],[2,0],[6,0],[11,-8],[1,0],[10,1]],[[2235,6347],[23,9],[8,-1],[7,-1],[15,-11],[38,-14],[23,0],[17,-7],[20,-9],[75,-14],[9,-3],[15,-5],[15,-1],[14,2],[18,2],[4,-8],[11,-5],[22,-11],[21,-15],[16,-34],[3,-3],[19,-20],[8,-9],[22,-24],[7,-6],[2,-1],[11,-7],[5,-2],[2,-2],[14,-7],[8,-8],[22,-22],[1,0],[2,-2],[14,-13],[17,-17],[1,-1],[33,-16],[1,0],[20,-3],[0,1],[11,9],[19,15],[4,4],[8,6],[31,9],[15,8],[9,4],[2,1],[5,3],[19,9],[14,4],[14,4],[17,9],[13,7],[7,1],[13,2],[1,0]],[[3020,6154],[0,-18],[0,-1],[0,-4],[0,-3],[0,-24],[0,-5],[0,-6],[0,-14],[0,-7],[0,-9],[0,-6],[0,-6],[0,-12],[0,-1],[0,-2],[0,-6],[0,-6],[0,-8],[0,-9],[0,-4],[0,-15],[0,-15],[0,-7],[0,-9],[0,-13],[0,-9],[0,-26],[0,-1],[0,-14],[0,-34],[0,-12],[0,-3],[1,-16],[0,-9],[0,-8],[0,-1],[1,-30],[0,-4],[0,-26],[1,-41],[0,-2],[0,-1],[0,-25],[0,-4],[0,-20],[1,-23],[0,-3],[0,-5],[0,-5],[0,-6]],[[3024,5616],[-36,0],[-27,0],[-30,0],[-52,0],[2,-81],[0,-27],[0,-6],[1,-14],[1,-74],[-63,1],[-30,0],[-31,0]],[[2759,5415],[-1,0],[-33,1],[-6,0],[-29,0],[-3,-9],[-41,0],[-38,0],[-74,1],[-2,6],[2,3],[7,2],[5,-4],[9,2],[5,7],[7,-6],[2,4],[0,3],[-4,14],[1,2],[2,-1],[4,-5],[4,14],[-1,14],[3,15],[6,-1],[1,3],[-1,5],[-3,10],[-14,4],[1,6],[1,9],[-52,0],[-67,-1],[-37,0],[-1,0],[-4,0],[-3,0],[-5,-5],[-2,5],[-55,-1]],[[2343,5512],[0,6],[0,9],[0,1],[0,17],[2,-1],[1,2],[2,45],[1,0],[0,16],[1,14],[-6,1],[-5,0],[-16,2],[-32,3],[3,12],[18,65],[6,24],[1,2],[3,9],[3,13],[14,52],[6,21],[0,2],[3,8],[-5,0],[-38,-2],[-25,1],[-35,0],[-13,0]],[[3855,5593],[-38,-3],[-11,0],[-55,-4],[-13,-1],[-10,-1],[-56,-4],[-1,0],[-24,-2],[-43,-3],[-65,-7]],[[3539,5568],[-25,0],[-28,0],[-11,0],[-11,0],[-3,0],[-10,0],[-30,-1],[-1,0],[-27,0],[-18,0],[-16,0],[-20,0],[-14,0],[0,6],[-1,55],[-2,0],[-56,-1],[-6,0],[-2,0],[-38,0],[-20,0],[-18,0],[-1,-11],[-13,0],[-9,0],[-47,0],[-8,0],[-8,0],[-25,0],[-14,0],[-33,0]],[[3020,6154],[38,6],[4,0],[34,1],[4,-2],[9,-4],[17,-1],[9,0],[8,0],[16,-1],[15,3],[4,1],[12,3],[33,8],[7,-1],[16,-2],[11,-1],[4,0],[12,-2],[2,0],[3,1],[34,13],[6,-2],[5,-1],[3,-1],[2,0],[0,-1],[1,0],[1,1],[13,2],[9,2],[19,-5],[3,-1],[9,-2],[17,-5],[8,-2],[18,-9],[9,-5],[16,-8],[12,1],[19,0],[12,0],[14,7],[10,-3],[7,-2],[14,-3],[1,-1],[6,-1],[7,1],[1,0],[1,1],[18,15],[19,16],[20,13],[2,2],[22,5],[3,-1],[9,-2],[29,13],[17,15],[11,2],[32,5],[16,2],[17,10],[13,8],[2,1],[1,1],[9,10],[3,3],[15,16],[17,21],[3,4],[1,1],[10,1]],[[7164,5502],[-10,0],[-9,-1],[-15,0],[-24,1],[-7,0],[-2,0],[-15,0],[-5,0],[-5,1],[-22,0],[-29,0],[-27,1],[-19,0],[-20,1],[-7,0],[-26,0],[-94,0],[-14,0],[-18,1],[-25,0],[-1,1],[-2,-1],[-1,0],[-5,0],[-17,0],[-76,0],[-58,1],[-3,0],[-6,0],[-23,11],[-1,0],[-13,7],[-6,3],[-6,3],[-2,1],[-6,3],[-21,11],[-3,2],[-41,20],[-28,14],[-69,34],[-15,8],[-28,15],[-13,5]],[[4767,5945],[3,-4],[1,-5],[-3,-9],[-1,-3],[1,-2],[4,-3],[4,0],[3,4],[2,0],[3,-5],[0,-2],[-2,-6],[3,0],[1,0],[0,-1],[4,-8],[1,-1],[-1,-2],[-2,-4],[-1,-3],[1,-3],[6,-6],[1,-2],[-3,-11],[1,-3],[0,-4],[1,-3],[-1,-2],[-3,-4],[-3,-4],[0,-9],[2,0],[3,3],[-2,3],[0,1],[0,1],[4,2],[2,-3],[1,-6],[2,-2],[1,-2],[7,-2],[5,2],[2,3],[6,-1],[1,-1],[-1,-7],[-9,-8],[-1,-7],[-2,-4],[1,-1],[2,1],[1,-3],[3,-10],[-1,-4],[-5,0],[-4,4],[-1,5],[-2,0],[0,-6],[-5,-13],[-3,-4],[-1,-2],[2,-2],[-2,0],[-1,-2],[1,-1],[1,-1],[0,-2],[-5,-3],[-1,-1],[-1,-20],[2,-1],[-2,-1],[2,-5],[19,-4],[-1,-7],[9,5],[0,2],[4,-3],[3,-1],[2,4],[7,-4],[4,0],[1,4],[1,-2],[3,-2],[2,2],[3,1],[1,-2],[1,3],[3,4],[8,-1],[4,-9],[0,-1],[1,-24],[2,-54],[1,-20],[1,-32],[1,-27],[1,-6],[0,-12],[1,-38],[2,-53],[0,-4],[1,-11],[0,-13],[3,-73],[1,-12],[4,-97],[0,-11],[1,-8],[1,-30],[2,-50],[1,-6],[1,-21],[1,-27],[1,-23]],[[4890,5077],[-26,-3],[-7,-1],[-105,-10],[-9,0],[-86,-7],[0,-3],[-59,-5],[-36,-3],[-52,-4],[-45,-4],[-15,-1],[-12,-1],[-9,-1],[-18,-1]],[[5709,5255],[3,-9],[2,-12],[-2,-26],[-2,-1],[0,-10],[7,-4],[0,-2],[-1,-1],[0,-7],[2,-4],[1,-7],[-1,-5],[-4,-1],[-7,-13],[0,-4],[2,-3],[1,-7],[2,-4],[2,2],[3,-1],[0,-1],[-3,-5],[-4,-1],[-1,-2],[-1,-4],[1,-8],[-1,-9],[-2,-1],[-2,-10],[0,-6],[1,-5],[-1,-12],[-1,-5],[-8,-12],[0,-5],[1,-3],[-1,-1],[-4,-3],[-7,-1],[-5,-3],[-2,-5],[-2,-9],[-2,-4],[-2,-12],[-2,-11],[-4,-7],[-2,-3],[-2,0],[-2,3],[-7,-10],[-3,-8]],[[5649,4973],[-1,0],[-20,-2],[-7,0],[-24,-2],[-26,-3],[-41,-3],[-2,0],[-9,-1],[-37,-2],[-1,16],[-24,-2],[-8,-1],[-50,-4],[-2,0],[-37,-3],[-4,-1],[-8,0],[-1,0],[-14,-1],[-9,-1],[-7,0],[-51,-4],[-3,0],[-22,-1],[-26,-2],[-8,-1],[-11,-1],[-8,0],[-1,0],[-6,-1],[-8,0],[-15,-2],[-5,0],[-24,-2],[-70,-6],[-1,0],[-23,-2],[-28,-2],[-23,-3],[-86,-8]],[[4898,4928],[-2,32],[-2,35],[0,4],[-1,14],[-3,64]],[[2343,5512],[-1,-20],[0,-5],[0,-16],[-1,-53],[-11,0],[-3,0],[-15,1],[0,-18],[-1,-22],[0,-4],[0,-15],[0,-30],[-26,1],[0,-25],[0,-10],[1,-61]],[[2286,5235],[-15,1],[-17,0],[-19,1],[0,4],[-7,0],[-61,-2],[-9,0],[-23,-1],[0,14],[-31,0],[-7,0],[-27,0],[-2,0],[-8,0],[-73,1],[-87,-2],[-8,-1],[-4,0],[-5,0],[-1,0],[-4,0],[-2,0],[-1,0],[-7,1],[-13,0],[-15,0],[-73,-2],[-7,0],[-8,0],[-14,0],[-28,-1],[-28,-1],[-16,0],[-25,-1]],[[1641,5246],[0,13],[0,11],[1,37],[0,11],[0,49],[0,28],[0,44],[0,1],[-1,12],[1,11],[0,24],[0,21],[1,36],[0,10],[0,15],[0,43],[-1,20],[0,51],[-1,52]],[[1641,5246],[-27,1],[-1,-59],[0,-19],[0,-19],[0,-3],[-1,-20],[0,-21],[-1,-50],[0,-2],[7,0],[25,0],[0,-57],[0,-3],[-1,-36],[0,-7],[0,-2],[0,-8],[0,-14],[0,-1],[0,-3],[0,-50],[0,-11],[2,-163],[0,-7],[0,-23],[-1,-122],[-1,-22],[0,-12]],[[1642,4513],[-2,-3],[-17,-2],[-3,-1],[-2,2],[-7,1],[-2,-4],[-1,-4],[0,-2],[-16,-7],[-3,0],[-4,1],[-1,1],[-3,-1],[1,-4],[-4,-7],[-6,-7],[-5,1],[-5,3],[-1,0],[-9,-4],[-4,-7],[-8,1],[-10,-2],[-1,-2],[-12,-10],[-9,0],[-15,7],[-1,1],[-2,1],[-2,-2],[-1,-1],[0,-3],[-6,-2],[-2,2],[-9,0],[-5,-5],[-5,-7],[-6,-1],[-6,-8],[-2,0],[-2,1],[-1,4],[-4,-5],[0,-4],[0,-1],[0,-2],[-1,0],[-2,-2],[-8,-3],[-6,2],[-4,-3],[-1,-7],[-1,-2],[-11,-4],[-2,1],[-3,3],[-8,0],[-2,-4],[-3,-5],[-3,-1],[-2,1],[-4,-1],[-11,-8],[-1,-7],[-1,-1],[0,-5],[-3,-5],[-3,-1],[-5,2],[-1,-2],[0,-6],[-1,-2],[-1,0],[-5,2],[-3,4],[-1,23],[-2,3],[-5,-4],[-6,-1],[-4,3],[-12,-6],[-8,-7],[-7,0],[-2,-5],[0,-3],[-1,-3],[-1,-2],[-7,0],[-6,0],[-1,-1],[-1,-11],[-9,2],[-2,-5],[2,-3],[0,-2],[-1,-3],[-3,-3],[-3,-1],[-3,1],[-7,7],[-9,-7],[0,-2],[5,0],[4,-2],[1,-2],[1,-2],[-2,-2],[-10,-5],[-3,1],[-3,1],[-3,4],[-7,7],[-8,2],[-7,-5],[-2,-3],[-3,1],[-2,0],[-4,-6],[-5,-5],[-3,-2],[-18,-11],[-3,-4],[-2,-6],[-1,-1],[-2,0],[-7,4],[-5,-4],[-18,-3],[-7,-3],[-11,2],[-4,-2],[-3,-4],[-1,-1],[-4,7],[-2,2],[-1,0],[-3,-5],[-3,-1],[-4,8],[-1,4],[-1,6],[-2,2],[-3,0],[-1,-5],[-2,0],[-9,3],[-7,-11],[-2,0],[-2,1],[-4,7],[0,3],[2,2],[6,3],[-1,8],[-9,12],[-4,2],[-2,1],[-4,4],[-4,10],[-3,3],[-6,1],[-7,1],[-10,9],[-6,21],[-2,10],[3,15],[-6,0],[-1,0],[-4,10],[-3,4],[-1,1],[-9,12],[-3,0],[-3,-2],[-2,1],[1,3],[2,3],[1,9],[-6,3],[0,4],[2,7],[0,3],[-2,4],[-4,8],[-1,10],[-6,6],[-3,1],[-1,-2],[-6,5],[-11,1],[-13,9],[-2,3],[-6,0],[-1,1],[-1,4],[-1,0],[-3,0],[-5,-10],[-2,-1],[-2,-1],[-7,4],[-5,-6],[-6,1],[-6,3]],[[887,4517],[-10,8],[-11,7],[-4,1],[-12,11],[0,3],[0,1],[11,5],[0,3],[-2,1],[-6,1],[-3,-1],[-1,0],[-2,2],[-2,9],[0,4],[1,2],[-4,2],[-5,-4],[-1,-1],[-2,1],[-2,1],[-2,3],[0,2],[3,4],[-1,2],[-5,5],[-8,-1],[-8,-9],[-6,-2],[-2,0],[-6,5],[-6,5]],[[791,4587],[7,36],[2,9],[4,2],[1,2],[1,1],[4,5],[10,26],[2,10],[1,6],[21,29],[5,7],[15,23],[7,0],[12,10],[1,13],[1,32],[0,8],[5,12],[12,34],[23,16],[15,11],[16,7],[19,2],[27,26],[22,22],[11,10],[16,6],[3,1],[13,5],[3,3],[16,19],[4,5],[40,46],[3,5],[5,7],[11,18],[3,18],[-7,18],[-3,1],[-2,11],[-1,3],[-3,14],[-2,30],[3,8],[1,4],[2,7],[2,13],[-8,25],[-5,1],[-3,1],[-14,31],[-4,15],[-2,8],[-5,16],[-26,3],[3,12],[5,18],[0,15],[0,14],[0,18],[0,5],[-4,22],[-4,10],[-1,1],[-2,4],[-5,15],[-18,20],[-37,4],[-17,24],[-10,8],[-36,29],[-10,21],[-1,13],[0,10],[-1,20],[6,15],[6,17],[8,40],[0,23],[-6,16],[-17,6]],[[7170,5441],[6,-62],[3,-27],[-1,0],[2,-24],[1,-10],[0,-1],[0,-2],[-1,-4],[-3,-2],[-48,-43],[-10,-8],[-13,-12],[-3,-2],[-2,-2],[-34,-29],[-5,-4],[-31,-26],[-69,-60],[2,-2],[1,-5],[-1,-7],[-4,-7],[-7,-5],[0,-5],[1,-3]],[[6954,5089],[-32,-28],[-13,0],[-32,-1],[-18,-2],[-14,-2],[-51,-7],[-2,-1],[-25,-3],[-44,-6],[-5,-1],[-6,-1],[-69,46],[-6,3],[0,1],[-8,5],[-44,28],[-8,5],[-20,7],[-4,1],[-1,0],[-16,6],[-68,23]],[[6468,5162],[-10,5],[-15,8],[-53,27],[-52,27],[-1,0],[-15,8]],[[3539,5568],[0,-22],[0,-27],[0,-47],[0,-31],[0,-20],[0,-61],[1,-21],[0,-7],[0,-7],[0,-14],[0,-14],[-1,-15],[0,-2],[1,-10],[0,-3],[0,-3],[0,-6],[-12,-3],[-4,-3],[-2,-3],[-2,-4],[-1,-3],[0,-2],[-2,-1],[0,-4],[1,-3],[0,-8],[8,-38],[2,-7],[0,-5],[-2,-5],[-3,-4],[-2,-4],[1,-4],[2,-4],[0,-4],[-1,-5],[-1,-2],[1,-7],[0,-2],[0,-3],[3,-5],[-1,-2],[-1,-3],[1,-14],[-1,-8],[-1,-4],[2,-19],[0,-8],[0,-8],[-1,-2],[-1,-3],[-1,-11],[0,-5],[3,-9],[2,-2],[1,-3],[1,-5],[-1,-1]],[[3528,5018],[-36,-1],[-1,0],[-20,0],[-1,0],[-40,0],[-9,0],[-27,-1],[-1,0],[-12,0],[-12,0],[-23,0],[-8,0],[0,-4],[-27,0],[-37,0],[-60,-1],[-7,0],[-6,0],[-1,0],[-3,0],[-9,0],[-20,0],[-53,1],[-17,-1],[-2,-5],[-2,-6],[-7,-14],[-5,-6],[-10,-20],[-4,-9],[-13,-39],[-7,-27],[-3,-16],[-1,-16],[-3,-46],[-8,-2],[-4,0],[0,-72],[1,-82],[0,-49]],[[3030,4602],[-72,1],[-23,0],[-5,0],[-18,0],[-18,1],[-12,0],[-2,0],[-6,0]],[[2874,4604],[0,17],[0,2],[0,79],[0,21],[1,32],[2,39],[1,13],[0,3],[-6,0],[-1,0],[-2,0],[-7,0],[-9,0],[-5,0],[-1,0],[-28,1],[-50,2],[-5,0],[-18,0],[-10,1],[-4,54],[-4,52],[0,1],[-3,18],[-2,47],[-3,16],[0,13],[29,0],[1,59],[0,6],[0,1],[0,135],[22,0],[23,1],[-3,14],[0,6],[4,7],[2,0],[0,-4],[1,-1],[2,1],[1,4],[-1,6],[-1,1],[-5,1],[-2,10],[0,3],[3,6],[2,0],[1,1],[-5,11],[-4,13],[3,4],[0,5],[-1,8],[-5,11],[0,10],[-1,7],[-5,16],[0,6],[4,4],[-3,7],[-3,3],[-2,4],[-2,6],[0,5],[-1,5],[-5,0],[-1,4],[-1,0],[-1,1],[-4,3],[-2,8],[-1,2]],[[3915,4706],[4,-15],[4,-13],[5,-13],[14,-29],[23,-39],[13,-18],[14,-14],[25,-21],[-16,-1],[-15,-1],[-1,0],[-3,0],[-2,0],[-2,0],[-1,0],[-11,-1],[-6,0],[-13,-1],[-11,-1],[-2,0],[-25,-1],[-2,0],[-5,0],[-3,-1],[-22,0]],[[3877,4537],[-4,-1],[-2,0],[-17,-1],[-10,0],[-16,-1],[-12,0],[-20,-1],[-25,-1],[-10,-1],[-4,0],[-17,-1],[-7,0],[-49,-2],[-4,-1],[-27,-1],[-1,0],[-7,0],[-1,0],[-19,-1]],[[3625,4525],[2,36],[0,47],[0,13],[0,30],[0,55],[0,13],[0,17],[-1,39],[-2,20],[-2,7],[-12,27],[-21,48],[-15,37],[-3,9],[-5,23],[-3,12],[-2,28],[-1,17],[0,15],[-32,0]],[[2874,4604],[-63,3],[-44,1],[-12,1],[-7,0],[-32,1],[-4,0],[-3,0],[-39,1],[-4,0],[-7,0],[-1,-53],[0,-9],[0,-7],[-1,-31],[-9,0],[-44,0],[-1,-1],[-21,1],[-3,-141]],[[2579,4370],[-56,2],[-25,1],[-67,4],[-1,96],[-79,0],[-10,1],[-6,0],[-26,0],[-23,0],[-109,0],[3,6]],[[2180,4480],[-3,15],[-1,3],[-2,0],[-1,-2],[0,-2],[-2,-2],[-3,0],[0,3],[2,4],[6,7],[0,2],[-1,3],[-8,8],[-2,-1],[-9,-13],[-3,0],[-1,1],[0,2],[0,7],[2,4],[11,8],[2,3],[-1,3],[-3,4],[0,3],[2,12],[3,9],[15,20],[2,1],[5,-1],[3,1],[0,2],[-6,10],[-1,2],[-3,-1],[-3,-4],[-4,-1],[-3,-2],[-3,1],[-6,8],[0,4],[3,7],[5,4],[10,14],[1,1],[10,-3],[5,-3],[15,4],[5,6],[4,9],[2,6],[-3,6],[-10,2],[-3,-2],[-2,-4],[-3,-2],[-2,0],[-4,3],[-5,12],[0,2],[1,1],[11,5],[2,1],[3,5],[1,2],[4,3],[6,-3],[2,0],[7,6],[3,6],[1,1],[3,-1],[3,-2],[2,0],[2,3],[1,3],[1,6],[-2,12],[-1,0],[3,7],[5,3],[0,1],[0,8],[14,28],[0,5],[-1,5],[2,17],[2,5],[3,3],[6,-2],[5,11],[3,3],[0,72],[1,21],[0,8],[0,50],[0,1],[0,33],[0,13],[0,4],[0,5],[0,21],[0,4],[0,38],[0,23],[0,7],[0,15],[0,11],[0,5],[0,9],[0,3],[0,21],[1,40],[0,1],[0,24],[0,1]],[[8205,5415],[0,-3],[0,-5],[-1,-87],[0,-8],[-3,-82],[-1,-50],[0,-9],[-7,3],[-2,-2],[-2,-31],[5,-13],[-4,-13],[-6,-14],[19,-124],[14,0],[-11,-54],[-49,-229],[-37,-174],[-13,-65]],[[8107,4455],[-34,-5],[-22,-4],[-8,-1],[-54,-10],[-1,-1],[-4,-1],[-1,0],[-74,-14],[-11,-2],[-4,-1],[-3,-1],[-4,0],[-9,-2],[-27,-6],[-28,-7],[-2,0],[-59,-10],[-8,-2],[-24,-4],[-43,-8],[-7,-1],[-1,0],[-35,-6],[-14,-3],[-11,-2],[-58,-10]],[[7561,4354],[-2,16],[-1,14],[1,21],[6,22],[6,19],[12,27],[3,7],[4,11],[3,18],[2,17],[0,2],[0,2],[1,11],[3,18],[2,22],[0,22],[-3,13],[-3,10],[-3,17],[-2,13],[-1,6],[1,15],[2,8],[0,1],[8,32],[3,18],[2,8],[1,2],[1,4],[1,7],[6,18],[3,5],[13,18],[6,12],[2,6],[8,21],[13,26],[5,13],[0,2],[-1,10],[0,9],[2,14],[1,4],[2,7],[0,1],[1,5],[1,8],[0,1],[1,2],[1,4],[2,4],[1,1],[2,2],[3,4],[1,9],[0,1],[1,11],[1,9],[0,5],[0,1],[0,2],[3,9],[1,9],[0,12],[1,1],[0,3],[1,5],[1,3],[1,3],[3,13],[2,6],[0,4]],[[7529,5050],[-1,-7],[1,-1],[-20,-4],[-19,-4],[-15,-4],[-8,-1],[-13,-3],[-4,-1],[-1,0],[-9,-2],[-11,-2],[-5,-1],[-9,-2],[-10,-2],[-30,-5],[-4,-1],[-11,-2],[-2,-1],[-20,-4],[-20,-5],[-23,-6],[-56,-12],[-11,-2],[-5,-1],[-4,-1],[-74,-15],[-71,-16],[-14,-3]],[[7060,4942],[-3,-23],[-2,-16],[-11,-1],[-10,-2],[-3,0],[-47,18],[-2,-5],[-25,-4],[-14,-2],[1,3],[1,9],[-9,0],[-5,10],[-7,12],[-6,11],[-16,28],[-2,6],[1,4],[5,4],[11,5],[8,2],[11,0],[11,2],[5,-4],[3,0],[5,3],[5,8],[5,11],[-1,3],[-1,4],[-2,9],[0,5],[3,13],[5,8],[0,2],[0,3],[-8,19],[-3,1],[-6,-2],[-3,3]],[[6468,5162],[-22,-82],[0,-1],[0,-3],[-3,-57],[0,-31],[10,-45],[5,-29],[9,-51],[12,-68],[1,-4],[4,-26],[5,-46],[1,-5],[-11,-29],[-41,-107],[-1,-2],[-49,-103]],[[6388,4473],[-1,-2],[-5,-2],[-8,0],[-2,2],[-4,2],[-2,-1],[-5,-5],[-15,2],[-9,-4],[-7,-6],[0,-2],[-4,-2],[-13,-12],[-3,1],[-6,3],[-77,13],[-5,1],[-2,0],[-17,-13],[-38,-30],[-62,-48],[-1,16],[-34,-6],[-7,-20],[-18,-51],[-3,1],[-3,4],[-3,0],[0,-2],[1,-8],[-3,-4],[-2,0],[-8,7],[-2,4],[1,5],[-2,4],[-8,1],[-4,3],[-4,3],[-2,4],[0,1],[-1,0],[-2,-56],[-26,2],[-6,0],[-18,2],[-26,-14],[-17,-8],[-30,-35],[-10,-11],[4,-6],[-9,-9],[2,-5],[-20,-21],[-5,9],[-26,-25],[-15,-14],[-2,-2],[-20,-19],[3,22],[1,2],[3,24],[0,-1],[-2,-3],[-3,-3],[-7,0],[-11,-1],[-2,-2],[-1,-4],[-2,-9],[-1,-2],[-4,-3],[-6,0],[-6,0],[-4,-4],[-4,-2],[-10,1],[-6,3],[-3,1],[-8,-6],[-2,0],[-4,5],[-2,1],[-6,-7],[-6,-13],[-1,-7],[2,-4],[0,-3],[0,-1],[-7,-8],[-4,-1],[-4,-10],[-14,-7],[-1,-2],[-6,-15],[0,-2],[-9,-9],[-2,-7],[-3,-5],[-5,1],[-4,-1],[-8,0],[-12,-7],[-3,-1],[-2,-1],[-3,-4],[-4,-2],[-8,3],[-5,6],[-4,1],[-7,-2],[-10,-5],[-4,0],[-4,9],[-2,3],[-3,-1],[-2,-5],[-4,-7],[-2,-1],[-3,5],[-1,3],[-2,2],[-3,-1],[-2,-5],[-1,1],[-8,-4],[-3,0],[0,-1],[-6,3],[-9,-5]],[[5498,4022],[-1,4],[1,8],[1,2],[2,1],[5,-4],[2,3],[-1,3],[-3,5],[0,3],[7,15],[5,5],[3,4],[0,3],[0,8],[-5,11],[0,5],[1,2],[4,3],[5,5],[2,12],[-1,2],[-3,2],[-5,0],[-4,12],[-2,7],[0,5],[3,5],[0,6],[-1,2],[-4,3],[0,2],[2,13],[3,10],[10,13],[0,4],[0,4],[1,3],[2,2],[5,0],[9,5],[1,9],[7,6],[-1,13],[-3,-2],[-2,3],[0,6],[2,6],[1,3],[1,1],[-2,3],[-4,3],[-4,5],[-2,9],[0,19],[-1,9],[-10,30],[-2,2],[-4,2],[-1,2],[0,7],[-1,9],[0,9],[-1,5],[-2,3],[-2,4],[2,8],[5,2],[4,7],[1,5],[-5,20],[0,4],[4,5],[0,11],[0,1],[-5,4],[-4,-1],[1,5],[2,1],[5,-1],[3,1],[5,-2],[2,2],[5,15],[1,5],[0,2],[-3,3],[0,2],[4,7],[2,5],[0,6],[6,5],[6,6],[6,30],[0,4],[0,1],[5,2],[2,-2],[1,0],[10,7],[5,5],[13,7],[2,3],[1,3],[4,3],[3,5],[0,1],[0,3],[-1,8],[3,8],[3,1],[0,2],[1,1],[-4,6],[0,2],[1,4],[3,3],[2,10],[0,3],[-7,5],[-4,-1],[-2,1],[-1,1],[-1,6],[-1,9],[1,2],[0,3],[-2,6],[0,13],[2,6],[6,4],[9,10],[2,5],[0,2],[-5,5],[-2,8],[1,6],[2,4],[4,1],[0,1],[0,21],[-2,2],[0,3],[0,3],[-4,1],[0,6],[1,5],[-2,3],[1,2],[0,4],[-4,9],[0,16],[1,6],[4,18],[9,8],[0,4],[5,2],[4,10],[2,14],[6,20],[9,27],[3,1],[1,2],[1,20],[-2,2],[2,10],[3,10],[0,1],[-2,3],[-1,5],[0,4]],[[2180,4480],[-64,0],[-24,0],[-13,0],[-19,0],[-15,1],[-23,0],[-33,0],[-1,0],[-12,0],[-28,0],[-2,0],[-2,0],[-11,0],[-2,0],[-4,0],[-13,0],[-35,-1],[-1,0],[-2,0],[-7,0],[-8,0],[-4,0],[-4,0],[-15,0]],[[1838,4480],[-2,0],[-2,0],[-9,-1],[-1,0],[-27,0],[-21,-1],[-5,0],[-54,-2],[-17,0],[-8,0],[-11,0],[-18,0],[-18,0],[-4,0],[0,9],[0,1],[1,15],[0,3],[0,9]],[[7060,4942],[19,-28],[-6,-57],[2,-38],[-2,-15],[-12,-45],[-3,-12],[-3,-5],[-2,-6],[-8,-20],[-1,-2],[-1,-18],[-10,-17],[-7,-12],[-5,-10],[-5,-8],[-3,-7],[-2,-4],[-1,-3],[-1,-13],[-17,-21],[-4,-24],[-1,-4],[1,-7],[-4,-16],[3,-18],[4,-15],[7,-20],[4,-5],[0,-14],[0,-11],[1,-9],[0,-6],[-1,-3],[-1,-10],[0,-7],[-2,-11],[-10,-20],[-7,-30],[-4,-4],[-10,-55],[-4,-16],[-11,-40],[1,-28],[12,2]],[[6966,4230],[12,-69],[-3,5],[-10,1],[-5,-1],[-9,-11],[-2,-6],[-3,-9],[-6,-7],[-2,-2],[-10,-4],[-11,-1],[-9,3],[-11,-6],[-5,-6],[-6,7],[-4,1],[-5,-2],[-7,-6],[-3,0],[-6,3],[-5,0],[-6,-6],[-14,20],[-7,6],[-11,6],[-4,0],[-2,1],[-3,4],[-1,3],[-74,-38],[-7,-4]],[[6727,4112],[-42,30],[-53,37],[-10,7],[-11,7],[-41,28],[-27,19],[-36,25],[-4,4],[-5,8],[-13,24],[-14,25],[-14,25],[-9,16],[-10,17],[-35,63],[-5,8],[-10,18]],[[7561,4354],[-5,-1],[-25,-3],[-2,0],[0,-1],[-4,0],[-51,-12],[-2,-1],[-14,-4],[-35,-8],[-14,-4],[-32,-8],[-13,-3],[-11,-1],[-20,-4],[-35,-7],[-5,0],[-27,-6],[-2,0],[-13,-3],[-70,-15],[-8,-2],[-34,-7],[-12,-1],[-39,-9],[-22,-4],[-100,-20]],[[4898,4928],[7,-150],[2,-40],[1,-25],[0,-3],[6,-109],[1,-22],[2,-51],[6,-116],[4,-94],[0,-12],[1,-23],[2,-36]],[[4930,4247],[-18,-2],[-19,-2],[-1,0],[-6,-1],[-17,-1],[-1,0],[-26,-2],[-10,-1],[-7,0],[-2,0],[-17,-2],[-31,-2],[-35,-2],[-4,0],[-6,0],[0,8],[-45,-2],[-16,0],[-60,-3],[-15,0]],[[4594,4235],[-35,-1],[-121,-5]],[[4438,4229],[-1,21],[-2,46],[-2,80],[0,3],[-1,6],[0,20],[-2,41],[-1,32],[0,27],[-1,13],[0,2],[0,2],[-1,23],[-1,31],[0,22],[-1,30],[-3,79]],[[3625,4525],[-4,-46],[-2,-48],[0,-11],[3,-22],[11,-47],[-17,-1],[-40,-4],[-37,-3],[-1,11],[-11,-1],[-19,-1],[0,10],[-1,35],[0,2],[0,1],[-10,0],[-8,0],[-14,0],[-4,-1],[-1,0],[-2,0],[-3,0],[-16,0],[-1,0],[-7,0],[-65,-1],[-18,-1]],[[3358,4397],[-1,49],[-8,5],[-5,-9],[-12,-15],[-3,-3],[-9,-3],[-6,0],[-3,0],[-4,6],[-3,6],[0,18],[0,16],[1,9],[2,16],[1,12],[-3,31],[-1,17],[1,13],[4,25],[3,13],[-42,0],[-10,0],[-37,0],[-31,-1],[-6,0],[-18,0],[-20,0],[-43,0],[-35,0],[-17,0],[-3,0],[-20,0]],[[5498,4022],[-1,-32],[0,-13],[0,-2],[0,-15],[0,-10],[-2,-76],[0,-6],[-1,-109]],[[5494,3759],[-11,-1],[-11,0],[-8,1],[-115,0],[-57,0],[-2,0],[-22,0],[-4,0],[-1,0],[0,1],[-46,0],[0,3],[0,1],[0,8],[0,7],[0,17],[0,47],[-1,7],[0,10],[-2,17],[-11,0],[-44,-1],[-7,0],[-11,-1],[-31,0],[-1,4],[-19,0],[-12,-1],[-3,0],[-29,0],[-7,0],[-1,0],[-2,0],[-49,0],[-1,0],[-2,-2],[-16,-7],[-3,-2],[-1,2],[-8,33],[-2,41],[-4,61],[-3,48],[0,4],[0,3],[-2,32],[-4,33],[-4,41],[-1,5],[-3,28],[-3,49]],[[4438,4229],[-51,-2],[-6,-24],[3,-14],[-2,-7],[-3,-4],[1,-6],[5,-4],[3,-1],[9,0],[6,1],[2,-1],[1,-3],[17,-8],[12,-9],[2,-3],[7,-7],[2,-1],[6,-5],[4,-14],[1,-13],[-2,-2],[-6,-17],[-1,-10],[0,-4],[-3,-4],[1,-8],[-4,-6],[0,-2],[-1,-2],[0,-3],[0,-14],[1,-5],[-2,-17],[1,-5],[2,-5],[0,-5],[0,-5],[-1,-7],[-28,1],[-20,0],[0,25],[-5,0],[-9,0],[-2,0],[-1,0],[-1,0],[-15,0],[-46,0],[0,13],[-1,1],[0,8],[-29,0],[-26,1],[-18,-1],[-8,0],[-1,-122],[-8,0],[-66,2],[1,38],[-25,0],[-26,1],[-1,0],[-5,0],[-13,0],[-12,0]],[[4077,3950],[-13,1],[-16,0],[-23,1],[-50,1]],[[3975,3953],[-8,0],[-2,0],[-81,3],[0,26],[0,26],[0,12],[2,0],[-1,133],[6,0],[-1,35],[0,1],[0,2],[-2,47],[0,17],[-1,31],[-1,1],[0,4],[0,10],[-1,27],[-1,24],[0,9],[-1,23],[-1,12],[0,1],[-1,19],[0,11],[0,6],[0,1],[0,6],[-1,14],[-1,17],[0,6],[-1,37],[0,3],[-1,20]],[[3358,4397],[0,-31],[0,-5],[0,-3],[2,-83],[0,-2],[0,-21],[0,-25],[0,-16],[1,-23],[6,-254],[0,-4],[14,-1],[18,7],[8,1],[3,0],[5,0],[39,3],[7,0],[13,1],[11,0],[24,2],[29,0]],[[3538,3943],[-1,-36],[0,-8],[0,-1],[0,-18],[0,-47],[0,-46],[0,-20],[0,-52],[0,-20],[0,-41],[-1,0],[1,-7],[0,-2],[0,-1],[0,-2],[0,-6],[0,-4],[0,-8],[-1,-16],[1,-7],[0,-1],[0,-6],[0,-5],[0,-58],[0,-11],[0,-20],[0,-3],[0,-1],[0,-8],[0,-2],[0,-4],[0,-9],[0,-11],[0,-9],[0,-31],[-1,-4],[1,-4],[-1,-23],[0,-3],[0,-6],[0,-5],[0,-1],[1,-24],[0,-22]],[[3537,3330],[-53,-1],[-30,0],[-41,-1],[-25,-1],[-25,0],[-15,-1],[-12,0],[-44,0],[-22,0],[-30,0],[-147,0],[-96,1],[-81,0],[-60,0],[-2,0],[-164,-1],[-1,0],[-144,-2]],[[2545,3324],[2,74],[4,156],[0,17],[0,10],[1,46],[0,6],[1,15],[2,74],[0,6],[1,24],[0,28],[1,11],[1,51],[0,8],[1,19],[0,4],[2,45],[1,32],[0,15],[1,32],[0,10],[1,18],[0,26],[1,12],[2,69],[0,6],[0,30],[0,1],[2,52],[2,0],[4,0],[2,52],[0,1],[0,8],[0,11],[0,1],[1,25],[0,22],[1,14],[0,15]],[[887,4517],[0,-33],[0,-5],[0,-17],[0,-26],[0,-4],[-1,-92],[0,-25],[1,-16],[0,-8],[0,-1],[0,-65],[0,-25],[0,-54],[0,-7],[0,-25],[0,-17],[0,-176],[1,-18],[0,-29],[0,-15],[0,-10],[0,-14],[0,-13],[0,-6],[0,-12],[0,-8],[0,-14],[0,-71],[0,-16],[0,-12],[0,-8],[0,-5],[0,-4],[0,-3],[0,-11],[1,-39],[0,-10],[0,-32],[0,-2],[0,-4],[0,-34],[0,-12],[0,-1],[0,-23],[-1,-18],[0,-24],[0,-41],[-1,-74],[-1,-9],[0,-4]],[[886,3325],[-105,1],[-43,0],[-70,-1],[-7,0],[-13,-1],[-58,0],[-59,0],[-48,0],[-40,0],[-77,-1],[-70,1],[-13,0],[-16,0],[-94,1],[-8,0],[-17,0],[-15,0],[-17,1],[-115,-1],[-1,44],[1,149],[0,72],[-1,27],[0,43],[1,27],[-1,23],[0,15],[0,8],[0,132],[0,18],[0,36],[0,5],[51,30],[5,3],[7,5],[51,38],[4,4],[10,7],[19,14],[1,0],[1,1],[1,1],[6,6],[8,6],[21,19],[3,3],[15,14],[9,8],[1,0],[39,31],[21,17],[2,2],[14,13],[7,7],[22,20],[2,2],[19,20],[14,16],[4,4],[6,6],[27,16],[6,7],[11,13],[14,18],[4,6],[18,35],[8,14],[9,8],[21,21],[23,28],[1,1],[1,1],[13,20],[10,1],[2,0],[8,-2],[1,-1],[5,2],[3,4],[1,1],[6,8],[2,2],[5,9],[11,6],[19,11],[10,6],[4,2],[14,16],[9,10],[15,10],[13,9],[0,1],[7,2],[14,5],[4,2],[23,14],[2,1],[12,6],[1,1],[9,2],[10,4],[7,2],[2,0],[4,2],[9,2],[6,2],[8,3],[1,0],[1,1],[9,17],[3,6],[1,9],[1,2]],[[3975,3953],[0,-14],[0,-2],[-1,-5],[1,-24],[0,-1],[0,-15],[0,-10],[0,-5],[-29,-33],[-8,10],[-46,-1],[-1,0],[0,23],[-57,0],[-2,0],[-1,13],[-1,88],[-14,0],[-25,1],[-8,0],[-9,0],[-12,0],[-5,0],[-72,-2],[-8,-1],[-48,-4],[-10,-1],[-1,0],[-9,-1],[-71,-6],[0,-20]],[[1838,4480],[0,-31],[0,-11],[0,-48],[0,-41],[0,-7],[0,-16],[1,-33],[-1,-107],[0,-64],[0,-23],[0,-3],[0,-8],[0,-46],[0,-2],[0,-1],[0,-37],[0,-70],[0,-27],[0,-41],[0,-9],[0,-2],[0,-29],[0,-15],[0,-8],[0,-30],[0,-1],[0,-5],[0,-17],[0,-8],[0,-20],[0,-9],[0,-24],[0,-2],[0,-6],[0,-3],[0,-61],[0,-11],[0,-10],[0,-75],[0,-7],[0,-5],[1,-54],[0,-39],[0,-25],[0,-13],[0,-6],[0,-44]],[[1839,3326],[-51,0],[-47,0],[-98,0],[-71,1],[-76,0],[-9,0],[-13,0],[-27,-1],[-38,-1],[-62,-1],[-67,-1],[-98,-1],[-60,0],[-39,1],[-49,1],[-38,0],[-4,1],[-7,0],[-99,0]],[[2545,3324],[-92,0],[-12,0],[-10,0],[-52,0],[-73,0],[-23,0],[-51,0],[-1,0],[-41,2],[-1,0],[-30,0],[-24,1],[-61,1],[-3,0],[-84,-1],[-81,-2],[-17,0],[-3,0],[-47,1]],[[6727,4112],[19,-13],[-18,-42],[-34,-82],[-12,-27],[-1,-2],[-2,-5],[-5,-13],[-66,-155],[48,-32],[55,-36],[5,-4]],[[6716,3701],[-66,-53],[-34,3],[-22,-42],[-6,-13],[-16,-13],[-131,-106],[-1,-1],[-140,-113]],[[6300,3363],[-10,-8],[-15,-12],[-54,-43],[-1,-1],[-3,-3],[-6,-4],[-1,-1],[-1,-1],[-70,-54],[-6,-4],[-91,-73],[-16,-12],[-2,-2],[-3,-3],[-2,-2],[-33,-25],[-2,-2],[-146,-116]],[[5838,2997],[-8,-5],[-5,0],[-6,3],[-4,4],[-2,5],[-3,12],[0,17],[-1,6],[0,1],[0,1],[-1,1],[-1,1],[-2,1],[-1,1],[-2,0],[-2,0],[-2,-2],[0,-1],[-2,-3],[-1,-9],[-3,-8],[-2,-4],[-1,-1],[-3,1],[-2,2],[-2,3],[-1,5],[0,1],[-1,0],[-2,3],[-1,1],[-4,4],[-8,2],[-1,0],[-6,-1],[-6,-3],[-1,-1],[0,-1],[-6,-14],[-5,-7],[-3,0],[-7,4],[-4,5],[-5,9],[-3,3],[-3,0],[-6,-8],[-1,-1],[-3,-2],[-8,0],[-4,4],[-1,2],[0,1],[-1,2],[-2,4],[0,6],[3,4],[0,2],[1,1],[3,3],[0,1],[1,3],[-4,15],[-3,3],[-6,2],[-4,3],[-2,13],[0,8],[6,11],[1,11],[-3,10],[-7,18],[-2,6],[0,10],[-1,13],[0,2],[-2,12],[-13,9],[-2,4],[-1,5],[0,12],[-3,5],[-3,0],[-1,0],[-2,-1],[-2,-1],[-2,-2],[1,-1],[0,-1],[0,-7],[-1,-1],[-3,0],[-8,1],[-3,3],[-6,9],[-3,14],[-3,2],[-9,15],[-8,4],[-4,1],[-4,5],[0,3],[6,23],[0,5],[-5,13],[-1,1],[-5,5],[-9,4],[-8,5]],[[5568,3326],[-2,1],[-2,4],[1,7],[-3,7],[-3,0],[-10,-10],[-6,-3],[-7,2],[-7,8],[-5,-1],[-3,1],[-7,9],[-1,3],[1,3],[-1,2],[-1,4],[-8,30],[-6,14],[-5,5],[-4,7],[2,8],[-3,18],[0,5],[0,1],[1,4],[0,1],[0,3],[0,1],[0,22],[0,17],[0,15],[1,65],[0,2],[2,79],[1,39],[0,13],[1,47]],[[8107,4455],[-38,-178],[-11,-51],[-27,-129],[-2,-12],[-37,-174],[-41,-199],[-25,-117],[-2,-11],[-14,-66],[6,-37],[8,-44]],[[7924,3437],[-16,0],[-4,0],[-11,1],[-3,-53],[-1,-18],[-1,-25],[0,-7],[-1,-8],[-1,-49],[-9,2],[-7,2],[-2,1],[-7,1],[-5,1],[-7,2],[-109,29],[-19,6],[-13,4],[-51,12],[-4,1],[-15,11],[-1,1],[-13,9],[-3,2],[-24,17],[-43,28],[-2,1],[-33,21],[-2,2],[-3,2],[-30,20],[-9,5],[-8,6],[-2,1],[-3,2],[-5,3],[-1,0],[-4,3],[-1,1],[-31,19],[-16,10],[-1,-2],[-9,5],[-1,-10],[-6,2],[-10,3]],[[7377,3501],[0,7],[3,19],[3,11],[3,29],[9,28],[6,14]],[[7401,3609],[10,27],[4,17],[1,8],[6,14],[1,14],[0,4],[1,5],[3,4],[5,1],[8,6],[6,3],[14,19],[11,20],[2,9],[0,2],[3,14],[1,8],[1,10],[0,4],[-2,17],[1,6],[1,10],[2,6],[8,11],[11,19],[4,4],[6,-1],[3,2],[5,5],[4,5],[8,2],[8,4],[4,6],[6,11],[3,5],[5,14],[6,24],[1,17],[2,22],[1,8],[0,2],[0,9],[-5,29],[1,3],[2,8],[0,5],[-1,10],[-3,10],[-2,14],[-1,4],[0,2],[-3,12],[-3,9],[-1,3],[4,12],[-1,7],[-1,10],[0,4],[-3,9],[0,4],[1,11],[2,14],[5,13],[2,11],[2,18],[9,39],[2,11],[2,13],[1,18],[0,15],[-1,2],[-1,0],[-2,2],[-2,14],[0,5],[4,-2],[-1,3],[-3,4],[-7,2]],[[7401,3609],[-10,4],[-36,35],[-13,13],[-34,34],[-7,7],[-1,0],[-8,8],[-7,9],[-2,-31],[-20,-2],[-6,0],[-2,1],[-21,17],[-27,-108],[-14,-55],[-9,1],[-10,1],[-2,1],[-45,6],[-56,7],[-67,9],[-60,8],[-11,2],[-8,1],[-26,3],[-51,34],[-28,19],[-55,37],[-5,3],[-19,12],[-9,6],[-1,1],[-1,1],[-11,7],[-3,1]],[[5568,3326],[-58,0],[-33,0],[-6,0],[-52,0],[-8,-1],[-88,0],[-57,0],[-14,0],[-1,0],[-153,-2],[-14,-1],[-26,1],[-90,1],[-46,0],[-112,1],[-27,0],[-3,0],[-28,0],[-74,0],[-54,0]],[[4624,3325],[0,24],[0,39],[0,3],[0,6],[2,1],[-2,27],[0,5],[-1,12],[-2,33],[-1,17],[0,1],[-2,46],[-1,11],[0,1],[4,0],[-1,25],[-2,1],[-4,83],[0,1],[0,5],[-2,54],[-1,5],[0,9],[0,4],[37,2],[0,15],[3,0],[-1,27],[-1,0],[0,5],[0,11],[5,0],[-1,12],[2,0],[1,0],[0,25],[-5,2],[0,8],[-2,2],[-1,20],[-2,0],[-2,0],[-1,12],[-7,0],[0,18],[20,1],[-1,15],[-2,0],[0,15],[-5,0],[-1,16],[-5,0],[-11,-1],[-1,20],[-7,0],[0,13],[5,1],[2,0],[3,0],[0,21],[-3,0],[0,16],[-6,0],[0,18],[-8,0],[0,17],[-5,1],[0,23],[9,0],[-1,17],[0,4],[-2,1],[0,22],[-4,0],[0,18],[0,4],[-10,0],[0,30],[3,0],[-3,25],[-2,0],[0,22],[-7,0],[0,19]],[[4624,3325],[-22,0],[-10,0],[-93,-1],[-90,0],[-86,-1],[-7,1],[-142,1],[-6,0],[-8,0],[-1,0],[-39,1],[-9,0],[-8,0],[-8,0],[-6,1],[-8,0],[-8,0],[-9,0],[-12,0]],[[4052,3327],[0,13],[-4,7],[1,4],[6,22],[2,8],[7,27],[2,5],[7,28],[0,1],[-7,38],[-4,23],[-6,74],[-1,30],[-4,10],[6,1],[-3,3],[-2,5],[0,3],[2,6],[0,2],[-3,17],[-4,5],[-1,4],[0,4],[1,5],[33,-1],[0,106],[1,103],[-4,70]],[[4052,3327],[-181,3],[-34,0],[-2,0],[-1,0],[-24,1],[-48,0],[-36,0],[-24,0],[-84,0],[-24,0],[-2,0],[-19,0],[-7,0],[-29,-1]],[[7377,3501],[-1,-3],[1,-4],[3,-5],[1,-3],[-1,-11],[-2,0],[0,-5],[-5,-7],[-1,-4],[1,-7],[-1,-15],[-1,-22],[-3,-11],[-1,-11],[0,-7],[3,-7],[2,-11],[-1,-10],[-3,-16],[-4,-16],[0,-9],[-6,-31],[-2,-10],[-5,-25],[-5,-28],[-1,-11],[-1,-26],[-3,-32],[-4,-8],[-3,-6],[-1,-5],[0,-7],[3,-21],[11,-23],[9,-18],[5,-13],[2,-7],[1,-13],[-1,-11],[-2,-6],[-6,-11],[-2,-6],[-1,-7],[0,-10],[0,-23],[1,-12],[-2,-15],[2,-13],[-1,-13],[-1,-17],[-3,-25],[0,-6],[1,-38],[1,-5],[5,-11],[5,-11],[2,-6],[-1,-37],[1,-7],[-1,-23],[-3,-25],[-1,-8],[-1,-11],[0,-6],[-1,-9],[1,-7],[3,-12],[1,-14],[-1,-10],[-2,-8],[-2,-16],[-1,-15],[1,-12],[-2,-9],[-1,-17],[0,-6],[-3,-32],[-1,-5],[0,-25],[0,-11],[0,-30],[-1,-12]],[[7347,2420],[-37,-6],[-5,-1],[-11,-2],[-12,-2],[-26,-4],[-2,-1],[-13,-2],[-2,0],[-4,0],[-10,-2],[-5,-1],[0,5],[0,3],[-1,7],[-2,3],[-9,23],[-6,15],[-8,-5],[-7,-4],[-1,0],[-5,-3],[-1,0],[-6,-4],[-1,3],[-1,1],[-1,3],[-1,4],[-2,4],[-5,4],[-35,15],[-10,4],[3,-23],[2,-14],[3,-24],[1,-2],[1,-10],[-73,25],[-1,0],[-1,0],[-2,-7],[-1,0],[-58,23],[-13,5],[-1,1],[-9,3],[2,38],[0,6],[0,9],[-16,7],[-2,1],[-4,-9],[-2,0],[-2,1],[-2,-3],[-2,-2],[-2,-3],[-5,0],[-8,-9],[-3,-1],[-7,-5],[-2,1],[-6,-7],[-5,-1],[-1,-4],[1,-4],[-1,-2],[0,-1],[-1,-4],[-2,0],[-3,5],[-4,-1],[-2,-3],[-1,-7],[-5,-6],[-4,-2],[-1,1],[-4,-2],[-4,-7],[-1,-2],[-2,-3],[-11,-5],[-2,4],[-2,3],[-7,2],[-4,-3],[0,-9],[-2,-3],[-13,0],[-4,-2]],[[6823,2422],[-1,2],[3,2],[2,2],[-1,4],[0,1],[-7,1],[-4,-1],[-1,2],[-1,3],[-4,16],[-1,10],[-7,16],[-2,5],[0,13],[-1,7],[-2,3],[-3,8],[0,8],[-1,4],[-1,3],[-3,10],[-33,30],[-5,5],[-58,56],[-2,2],[-23,23],[-37,37],[-24,23],[-29,30],[-17,17],[15,26],[25,48],[14,23],[9,17],[44,76],[1,1],[3,6],[5,10],[1,2],[37,79],[-156,120],[-19,15],[-12,9],[-29,23],[-39,28],[-24,17],[-58,43],[-32,23],[-45,33]],[[7924,3437],[12,0],[-3,-110],[-4,-92],[-5,-80],[-2,-66],[-1,-23],[-1,-7],[-2,-44],[-1,-1],[-3,-76],[0,-1],[-8,-144],[-1,-39],[-6,-118],[-2,-37],[-2,-59],[0,-7],[-2,-47],[0,-7],[-11,-198]],[[7882,2281],[-23,-1],[-40,-1],[-11,-2],[-20,-3],[-1,0],[-1,-1],[-20,-4],[-1,0],[-27,-6],[-5,-2],[-32,-8],[-13,-3],[-40,-7],[-35,-5],[-38,-8],[-28,-4],[-29,-5],[-3,0],[-23,-4],[-27,-6],[-19,-1],[-35,-6],[-7,-3],[-33,-6],[-6,-11],[-50,-90],[-4,-8]],[[7311,2086],[-6,13],[-11,12],[-6,14],[0,7],[1,5],[2,29],[-1,12],[1,15],[3,22],[-3,10],[-1,8],[1,18],[0,6],[0,7],[4,17],[3,11],[5,24],[13,27],[7,13],[9,9],[4,7],[5,13],[4,17],[2,18]],[[6823,2422],[-4,-6],[-9,-4],[-3,1],[-5,-7],[-4,-1],[-5,2],[-10,-19],[-5,-2],[-6,0],[-1,-9],[1,-2],[0,-2],[-1,-1],[-8,-1],[-1,2],[-2,2],[-1,0],[0,-1],[0,-4],[-2,-4],[1,-4],[-1,-3],[-5,-6],[-3,-1],[-4,-1],[-2,-10],[-1,-1],[-3,0],[-1,-2],[-2,-4],[0,-1],[2,-4],[0,-5],[-4,-7],[-2,-1],[-7,2],[-1,-7],[3,0],[-1,-7],[-6,-8],[-3,-3],[-6,-7],[-11,-22],[-2,-7],[-3,-5],[-9,-9],[0,-10],[0,-2],[-32,-2],[-36,-3],[-24,-2],[-15,-2],[-15,-1],[-4,0],[-22,-2],[-26,-1],[-38,-2],[-98,-7],[-25,-1],[-12,-1],[-2,0],[-1,0],[-1,-3],[-1,-1],[-8,-2],[-2,-5],[3,-15],[5,-5],[1,-2],[1,-6],[2,-7],[-1,-11],[3,-5],[0,-2],[0,-1],[-7,-6],[-4,-2],[0,-4],[1,-10],[-3,-10],[-1,-11],[3,-3],[1,-3],[8,-19],[-5,-13],[2,-5],[0,-1]],[[6333,2055],[-4,-4],[-1,0],[-1,0],[-3,1],[-2,0],[-2,1],[-7,5],[-3,0],[-6,-3],[-8,-6],[-8,-1],[-4,2],[-2,3],[-1,1],[-3,11],[-2,4],[0,3],[-1,7],[0,2],[-1,3],[-5,9],[-3,1],[-5,1],[-7,-5],[-1,-1],[-1,-1],[-1,-2],[-3,-3],[-1,-2],[-4,-11],[-3,-2],[-3,-1],[-5,1],[-3,2],[-11,13],[-4,6],[-7,6],[-5,3],[-8,-1],[-15,-8],[-15,-5],[-7,2],[-3,2],[0,5],[2,9],[7,11],[0,3],[-1,6],[-3,4],[-3,2],[-12,4],[-3,3],[-2,8],[0,7],[-1,9],[0,1],[-1,1],[-3,6],[-1,0],[-5,3],[-8,0],[-1,0],[-4,3],[-7,9],[-11,3],[-5,-1],[-3,-6],[-11,-9],[-2,0],[-14,2],[-1,0],[-15,6],[-1,0],[0,1],[-1,1],[-1,2],[0,2],[-1,2],[-1,5],[1,7],[3,16],[0,5],[0,5],[-2,10],[0,1],[0,2],[-1,1],[-1,1],[-2,2],[-8,0],[-8,-3],[-4,2],[-1,2],[0,5],[2,7],[2,7],[0,4],[-1,3],[-3,7],[-7,10],[-7,6],[-2,2],[-8,2],[-2,2],[0,3],[0,10],[2,4],[7,2],[1,4],[0,5],[-3,12],[-11,25],[-2,3],[-5,1],[-5,4],[-4,6],[-5,12],[-3,18],[-8,10],[-9,7],[-1,2],[-4,7],[-4,10],[-9,14],[0,5],[3,3],[1,0],[4,2],[6,-1],[1,-1],[1,2],[2,1],[0,1],[0,1],[0,1],[-1,4],[-1,3],[0,2],[2,3],[6,2],[2,0],[1,0],[1,-1],[2,-1],[3,-3],[1,-1],[2,1],[2,4],[1,12],[-6,19],[-1,4],[0,17],[0,1],[0,3],[0,15],[0,14],[-1,14],[-5,12],[-4,2],[-2,1],[-1,6],[1,5],[7,9],[2,3],[0,6],[-2,13],[-5,16],[-4,9],[-9,12],[-2,6],[0,5],[3,5],[7,1],[11,-3],[2,1],[0,2],[1,1],[0,4],[-5,26],[0,3],[0,2],[-1,13],[2,21],[-1,16],[0,2],[-3,8],[-2,6],[-4,12],[-5,5],[-5,1],[-1,1],[-4,3],[-1,1],[0,1],[-1,1],[-1,1],[-1,1],[0,1],[-1,0],[-3,-1],[-1,0],[-16,-6],[-4,0],[-4,1],[-2,0],[-1,0],[0,1],[-3,4],[-1,3],[0,4],[1,17],[1,10],[2,3],[0,1],[3,5],[6,9],[1,3],[0,1],[1,0],[5,2],[9,-2],[4,2],[2,2],[0,1],[2,6],[1,1],[0,4],[3,10],[0,2],[0,5],[0,1],[0,1],[0,2],[0,1],[-1,1],[-2,1],[0,1],[-1,0],[-3,0],[-1,0],[-2,-1],[-7,-6],[-1,-1],[-4,0],[-5,4],[-9,11],[-16,10],[-2,6],[-1,4],[0,7],[2,13],[1,10],[-2,6],[-1,2],[-4,3],[-12,-2],[-4,0],[-11,16],[-5,-1],[-3,-2]],[[7311,2086],[9,-24],[2,-8],[7,-12],[3,-12],[2,-7],[1,-14],[2,-6],[2,-2],[3,-2],[9,-3],[2,-2],[1,-5],[0,-4],[-6,-29],[-3,-8],[-3,-10],[-2,-17],[-2,-29],[-1,-6],[-5,-11],[-19,-38],[-2,-4]],[[7311,1833],[-21,-26],[-2,-2],[-31,-39],[-57,-72],[-7,-9],[-30,-37],[-13,-16],[-67,-84],[-26,-32],[0,-1],[-4,-5],[-2,-2],[-5,-16],[-4,4],[-9,-11],[-13,-18],[-1,-1],[-2,-3],[-26,-32]],[[6991,1431],[-11,8],[-74,58],[-24,21],[-1,1],[-26,20],[-30,25],[-11,9],[-6,4],[-3,3],[-2,2],[-50,44],[-9,7],[-13,11],[-22,20],[-25,19],[-28,23],[-33,27],[-14,11],[-25,21],[-4,3],[-2,2],[-2,1],[-56,47],[-44,33],[-41,33],[-23,19],[-2,1],[-1,1],[-2,0],[7,7],[1,3],[1,5],[-2,7],[-5,7],[-3,3],[-8,8],[-6,8],[-3,7],[-3,12],[-1,5],[-3,6],[-6,5],[-12,2],[-4,3],[-3,3],[-3,6],[-3,9],[-1,6],[0,8],[3,4],[5,21],[0,7],[-1,3],[-1,4],[-2,3],[-3,2],[-4,-2],[-9,-5],[0,-1],[-4,-6],[-1,0]],[[7882,2281],[-3,-61],[-2,-44],[0,-2],[0,-2],[0,-2],[0,-1],[0,-1],[-2,-42],[0,-3],[0,-1],[0,-5],[-1,-4],[-1,-22],[0,-12],[-1,-4],[-4,-62],[-2,-35],[0,-2],[-1,-28],[-2,-23]],[[7863,1925],[-19,-3],[-16,-3],[-27,-5],[-8,-1],[-52,-9],[-23,-4],[-1,0],[-1,0],[-26,-5],[-16,-3],[-32,-6],[-10,-1],[-9,-2],[-1,0],[-6,-1],[-16,-3],[-5,-1],[-2,0],[-15,-3],[-12,-3],[-10,-1],[-8,-2],[-1,0],[-3,-1],[-23,-4],[-8,-1],[-14,-2],[-2,-1],[-10,-1],[-25,-5],[-16,-3],[-6,-1],[-1,0],[-3,-1],[-1,0],[-2,0],[-3,-1],[-1,0],[-1,0],[-1,-1],[-1,0],[-3,0],[-1,0],[-9,-2],[-5,-1],[-4,0],[-2,-1],[-6,0],[-1,-1],[-7,-1],[-8,-1],[-67,-13],[-3,-1]],[[7310,1826],[1,7]],[[7863,1925],[-4,-68],[-1,-20],[-1,-23],[1,-15],[0,-4],[-1,-10],[0,-2],[-1,-15],[2,-5],[1,-2],[16,-32],[12,-26],[1,-2],[9,-18],[24,-52],[8,-18],[13,-28],[-34,-26],[-4,-3],[-2,-2],[-28,-22],[-36,-30],[-63,-49],[-22,-18],[-10,-7],[-26,-22],[-12,-9],[-16,-13],[-17,-14],[-40,-32],[7,-16],[7,-13],[3,-7],[10,-23],[15,-33],[9,-19],[6,-12],[1,-3],[2,-5],[6,-12],[6,-13],[0,-1],[6,-11],[4,-10],[3,-5],[2,-3],[5,-9],[0,-1],[0,-1],[-1,-9],[-2,-10],[-1,-1],[-2,-7],[1,-9],[0,-3],[0,-2],[-1,-12],[3,-5],[0,-1],[1,-8],[1,-4],[-5,-25],[-3,-5],[-3,2],[-3,-2],[-8,-4],[-6,-4],[-2,-7],[-2,-10],[0,-1],[-3,-12],[-4,-8],[-14,-13],[-7,-3],[-11,-7],[-2,-1],[-10,-6],[-13,-15],[-5,-5],[-10,-8],[-1,-1],[-1,-1],[-1,0],[-1,-1],[0,-1],[-1,0],[-1,-2],[-1,0],[-5,-5],[-2,-1],[0,-1],[-3,-2],[-5,-10],[-6,-11],[-15,-30],[-1,-2],[-2,-2],[-2,-5],[-1,-4],[-1,-4],[-1,-1]],[[7561,852],[-11,5],[-13,6],[-2,1],[-4,1],[-7,3],[-3,1],[-5,3],[-3,1],[-1,1],[-2,-3],[-4,2],[-4,3],[-4,1],[-2,1],[-2,2],[-2,0],[-1,4],[0,5],[-1,5],[-1,5],[-1,3],[-4,2],[0,1],[-1,1],[-2,1],[-2,1],[-2,1],[-1,-1],[-2,1],[-1,1],[3,6],[0,-1],[-2,1],[-1,-2],[-3,-7],[-1,0],[-2,-9],[-2,-3],[-2,0],[-2,1],[0,1],[-3,1],[-3,1],[-6,4],[-4,2],[-3,1],[-1,0],[0,1],[-2,1],[-2,0],[-1,1],[-4,2],[-3,2],[-4,2],[-6,3],[-1,1],[-1,0],[-2,1],[-1,1],[-3,1],[-4,2],[-6,3],[-10,5]],[[7391,932],[1,5],[2,12],[5,23],[2,13],[4,22],[3,15],[7,37],[4,15],[3,35]],[[7422,1109],[0,17],[5,39],[0,7],[1,26],[-2,17],[0,1],[-4,27],[-1,15],[0,11],[0,1],[0,1],[0,20],[0,6],[1,24],[2,26],[1,5],[1,7],[0,2],[2,23],[2,16],[0,9],[0,9],[0,3],[-2,9],[-4,18],[-9,15],[-13,15],[-3,8],[-3,14],[-10,28],[-6,25],[-6,15],[-5,11],[-1,2],[-4,8],[-6,12],[-4,7],[-4,8],[-3,5],[-10,12],[0,11],[0,6],[-4,4],[-8,9],[-2,8],[0,11],[1,7],[2,8],[4,9],[3,6],[3,5],[6,9],[2,3],[4,7],[6,8],[2,7],[0,4],[-1,4],[-3,3],[-8,5],[-11,11],[-4,4],[-6,13],[-7,10],[-4,5],[-3,7],[1,9]],[[7422,1109],[-11,0],[-3,0],[-3,2],[-6,7],[-10,8],[-24,19],[-8,5],[-8,7],[-2,1],[-8,7],[-10,7],[-13,10],[-28,23],[-17,13],[-14,11],[-2,1],[-9,7],[-1,1],[-9,7],[-13,10],[-4,4],[-3,2],[-14,11],[-15,11],[-3,2],[-13,11],[-6,4],[-1,1],[-11,8],[-7,6],[-9,7],[-2,1],[-8,7],[-1,0],[-2,2],[-16,13],[-6,4],[-1,1],[-3,2],[-11,8],[-1,1],[-4,4],[-25,19],[-16,11],[-50,36]],[[9889,1749],[21,8],[-11,-22],[-14,-9],[-21,-12],[-20,-13],[-20,-19],[-3,-2],[-5,-5],[-2,-1],[-1,0],[-42,-7],[2,13],[7,17],[4,9],[3,7],[1,1],[5,7],[12,-1],[3,0],[18,15],[2,2],[14,-2],[13,4],[9,3],[13,3],[12,4]],[[7924,945],[6,42],[9,9],[8,-9],[19,-10],[4,-1],[8,-1],[3,-1],[9,-1],[10,-2],[9,-12],[0,-10],[1,-8],[4,0],[25,-3],[4,11],[-1,38],[1,8],[2,18],[2,3],[2,0],[3,0],[1,0],[3,0],[23,-39],[11,-13],[16,-11],[1,-1],[5,-1],[3,-1],[2,4],[16,5],[6,-1],[6,-2],[14,-3],[13,-3],[7,-2],[81,-42],[2,-1],[3,1],[5,3],[92,47],[2,1],[0,2],[3,12],[1,22],[1,24],[3,13],[1,5],[1,5],[1,0],[3,1],[1,0],[0,1],[3,0],[21,7],[3,1],[1,1],[6,2],[19,1],[4,0],[13,1],[1,0],[6,-3],[2,-1],[3,-2],[7,-3],[11,-6],[17,-8],[1,-1],[2,2],[2,3],[8,1],[17,1],[13,1],[19,2],[14,-1],[10,0],[2,0],[25,0],[12,-2],[10,-2],[16,-2],[9,-1],[5,-1],[14,0],[15,1],[4,0],[5,1],[3,0],[16,4],[4,0],[2,1],[1,0],[5,1],[37,7],[5,1],[19,-3],[30,-4],[1,-1],[9,-1],[7,-1],[18,22],[6,3],[51,20],[1,0],[1,0],[30,9],[31,-5],[1,0],[37,7],[54,13],[9,2],[0,1],[24,25],[1,1],[6,13],[14,10],[36,39],[0,1],[4,1],[5,4],[13,7],[20,11],[13,8],[4,5],[17,28],[13,26],[7,16],[13,2],[22,2],[3,2],[23,17],[2,4],[10,15],[21,33],[11,19],[7,11],[1,0],[0,1],[29,9],[13,6],[3,2],[5,5],[9,7],[10,8],[12,11],[1,1],[2,0],[14,6],[2,-3],[5,-5],[6,-2],[10,5],[19,10],[9,-3],[0,-7],[-20,-43],[-14,-19],[-17,-14],[-3,-2],[-4,-3],[-8,-7],[-12,-9],[-1,-1],[0,18],[1,26],[-6,9],[-2,4],[-1,0],[-7,1],[-4,-1],[-3,-2],[-11,-11],[-1,-2],[-10,-24],[0,-5],[0,-19],[0,-6],[19,-33],[4,-7],[8,-5],[11,-8],[5,-4],[1,0],[1,0],[20,-1],[1,0],[0,-1],[4,-7],[-4,-11],[-3,-7],[-1,-2],[12,-36],[11,-14],[6,-7],[24,6],[15,-1],[15,-8],[14,-14],[6,-5],[1,0],[13,1],[4,3],[5,4],[5,6],[6,17],[9,9],[1,1],[5,5],[3,2],[9,-5],[1,-1],[3,-5],[10,-13],[7,-7],[2,-19],[-3,-16],[1,-1],[1,-3],[17,-34],[8,-16],[9,-12],[4,-3],[5,-3],[8,0],[1,0],[15,11],[4,15],[1,7],[4,6],[18,1],[5,-11],[1,1],[2,0],[5,3],[3,7],[-3,14],[-1,10],[2,1],[4,4],[1,-1],[14,-3],[26,16],[10,13],[10,13],[24,10],[17,7],[6,12],[1,3],[1,12],[-1,9],[2,16],[9,5],[11,5],[7,4],[2,0],[4,2],[7,2],[11,3],[26,1],[1,-3],[3,-5],[6,-3],[2,-1],[2,0],[1,0],[22,-1],[7,4],[8,-7],[2,-7],[-10,-17],[-10,-19],[-2,-5],[-1,0],[-11,-8],[-26,-18],[-41,-14],[-8,-5],[-27,-17],[-78,-50],[-2,-2],[-3,-1],[-36,-21],[-57,-33],[-15,-8],[-11,-7],[-8,-6],[-32,-20],[-5,-4],[-43,-28],[-4,-3],[-2,-1],[-38,-25],[-1,-1],[-21,-13],[-32,-21],[-24,-16],[-1,-1],[-6,-3],[-42,-28],[-1,-1],[-29,-19],[-55,-36],[-92,-52],[-2,-1],[-8,-4],[-5,-3],[-54,-26],[-15,-8],[-37,-18],[-3,-2],[-9,-4],[-21,-10],[-31,-15],[-39,-18],[-40,-19],[-23,-11],[-42,-19],[-21,-10],[-10,-8],[-4,1],[-1,0],[-1,0],[-1,0],[-12,-6],[-9,-4],[-112,-59],[-75,-44],[-68,-44],[-22,-14],[-23,-16],[-10,-5],[-8,-4],[-19,-11],[-17,-9],[-103,-42],[-11,-5],[-9,-3],[-7,-3],[-37,-15],[-16,-6],[-11,-5],[-5,-1],[-34,-12],[-27,-7],[-2,-1],[-3,0],[-53,-1],[-4,4],[-6,13],[-6,16],[-41,-12],[-51,-28],[-41,-17]],[[8016,252],[0,3],[0,8],[-2,81],[0,7],[0,3],[2,4],[0,5],[-1,13],[1,4],[1,7],[-2,17],[0,2],[0,2],[-1,8],[-2,15],[0,5],[0,4],[-1,2],[0,1],[0,1],[-1,8],[0,3],[-1,10],[-1,8],[0,4],[-1,2],[-1,14],[0,2],[-1,8],[0,3],[-2,10],[-1,12],[0,5],[-1,5],[-1,6],[-1,8],[-1,13],[-7,67],[-1,8],[0,2],[-5,41],[0,1],[-4,32],[-3,34],[-1,13],[-3,17],[-8,20],[-1,4],[2,17],[-1,2],[-5,0],[-7,14],[-4,6],[-1,49],[-3,3],[-7,18],[-2,12],[-1,3],[-2,0],[-2,9],[-8,8]],[[9714,1323],[-3,-40],[-1,-14],[-2,-17],[-1,-8],[-11,-10],[-2,2],[0,47],[-7,23],[-4,5],[-18,10],[-24,-2],[-3,5],[-2,7],[3,7],[11,8],[5,8],[2,15],[13,-7],[17,-10],[4,-1],[20,-12],[3,-16]],[[7561,852],[-1,-6],[-1,-21],[-3,-19],[-1,-4],[1,-10],[4,-5],[1,-3],[2,-7],[0,-3],[0,-3],[0,-4],[0,-1],[1,-8],[-1,-3],[-2,-1],[-2,2],[-1,4],[-2,5],[-2,5],[-2,5],[0,1],[1,3],[1,7],[-4,10],[-1,-1],[-1,0],[-3,-5],[-1,-2],[-2,-8],[-1,-1],[-1,0],[-8,3],[-3,-2],[-5,-4],[-1,-9],[-1,-8],[0,-1],[-1,-6],[0,-2],[0,-4],[0,-2],[0,-3],[1,-1],[4,-11],[0,-1],[0,-1],[2,-2],[3,-5],[3,-5],[1,-2],[1,0],[0,-1],[6,-3],[1,-2],[1,0],[1,-2],[13,-31]],[[7558,674],[-1,-2],[-8,0],[-8,4],[-7,4],[-7,4],[-7,0],[-8,-2],[-6,-3],[-3,-1],[-1,-1],[-6,-1],[-11,-2],[-11,-2],[-13,-6],[-5,-9],[-4,-5],[-1,-5],[0,-4],[-3,-2],[-7,0],[-3,1],[-5,1],[-5,1],[-2,7],[-2,0],[-9,4],[-17,9]],[[7398,664],[-1,1],[-6,5],[-5,7],[-6,0],[-2,4],[-2,6],[-2,3],[-1,8],[0,6],[0,1],[1,0],[0,10],[-1,7],[0,1],[0,1],[0,2],[0,1],[0,1],[0,1],[0,5],[-1,1],[0,1],[0,10],[0,5],[5,15],[1,7],[1,0],[1,3],[4,8],[0,1],[2,6],[1,2],[2,5],[2,4],[2,3],[0,1],[3,4],[0,1],[5,11],[1,1],[1,8],[1,1],[1,3],[0,6],[-2,3],[-2,3],[-6,-7],[-5,1],[0,1],[-1,5],[-1,-1],[-1,-1],[-4,2],[-11,7]],[[7372,854],[5,16],[12,53],[1,3],[1,6]],[[7582,860],[0,-3],[1,-5],[-1,-2],[-5,-2],[-5,6],[0,5],[3,0],[1,7],[2,2],[3,-2],[1,-1],[0,-2],[0,-2],[0,-1]],[[7398,664],[4,-14],[-3,-4],[-3,-1],[-2,-3],[-1,-5],[-4,-3],[0,-1],[0,-2],[-5,-6],[-2,-1],[-2,-4],[-3,0],[-2,1],[0,2],[-3,2],[-2,-1],[-1,-4],[-1,-3],[-1,-3],[1,-5],[2,-1],[-1,-5],[-4,0],[0,-3],[-2,-1],[-4,-6],[-1,-4],[-10,-19],[-4,-7],[-2,-5],[-1,-6],[-4,-6],[0,-5],[0,-3],[-2,-7]],[[7335,531],[0,-6],[0,-1],[0,-2],[1,-1],[0,-4],[0,-1],[0,-5],[0,-3],[0,-2],[0,-2],[0,-1],[-1,-2],[-4,-8],[-3,-11],[0,-2],[-1,-1],[0,-1],[-1,-12],[-1,1],[-2,4],[-3,-3],[-6,-4],[-2,-1],[-2,0],[-2,-1],[-4,0],[-1,0],[-2,0],[-2,0],[-1,-1],[-2,0],[-1,-1],[-2,-2],[-2,-7],[-1,-1],[0,-1],[-1,-2],[0,-2],[-1,-1],[0,-2],[-1,-2],[0,-3],[-1,-1],[-1,-2],[0,-2],[-1,-1],[0,-1],[-1,-2],[0,-1],[-2,-1],[-1,-2],[-1,-1],[-2,-2],[-15,-17]],[[7262,404],[-3,6],[-2,2],[0,3],[-1,7],[4,13],[0,2],[4,4],[2,14],[-1,6],[-1,1],[-1,5],[-6,5],[1,13],[2,22],[1,1],[0,4],[2,14],[2,13],[5,37],[6,16],[11,27],[3,6],[21,51],[17,42],[6,14],[12,47],[2,7],[0,1],[5,15],[13,36],[6,16]],[[7581,674],[5,13],[8,19],[3,8],[2,5],[0,3],[-1,6],[0,4],[1,1],[7,12],[0,1],[2,3],[12,21],[11,19],[2,9],[-2,11],[-3,8],[2,2],[20,8],[48,-29],[1,1],[3,2],[2,1],[1,1],[18,11],[2,31],[5,11],[12,21],[5,8],[4,5],[8,2],[8,-2],[4,-1],[20,11],[9,10],[4,2],[10,6],[11,6],[11,4],[10,-6],[12,-9],[22,7],[2,1],[5,1],[9,3],[5,-3],[19,12],[4,11]],[[8016,252],[-33,-14],[-44,-14],[-98,-30],[-15,4],[-2,0],[-3,1],[-3,1],[-3,0],[-1,0],[-19,2],[-5,0],[-10,1],[-22,-6],[-1,0],[-11,-2],[-4,-1],[-7,-2],[-4,0],[-4,0],[-3,0],[-4,0],[-2,0],[-27,1],[-7,0],[-5,0],[-4,0],[-4,0],[-6,1],[-20,0],[-28,1],[-19,0],[0,5]],[[7598,200],[3,3],[6,8],[4,3],[1,0],[9,0],[-1,2],[-2,4],[1,3],[-1,1],[1,8],[0,4],[-3,4],[-1,1],[-3,4],[0,2],[-2,4],[0,2],[-1,1],[-1,1],[-1,0],[-2,0],[-6,-3],[-1,-2],[-3,4],[-3,-1],[-6,8],[-2,1],[-1,12],[0,2],[-1,4],[1,7],[25,17],[3,7],[3,1],[1,-1],[-1,-5],[2,1],[0,3],[-1,13],[0,2],[1,5],[0,3],[6,4],[2,1],[4,1],[1,1],[3,1],[4,2],[-1,4],[-1,11],[-2,5],[0,7],[-1,4],[0,1],[1,2],[0,2],[0,4],[0,3],[1,6],[0,1],[1,7],[1,2],[0,6],[0,1],[0,3],[0,2],[-1,4],[0,6],[0,4],[0,13],[0,2],[1,7],[0,3],[0,2],[0,1],[0,1],[-1,5],[0,8],[0,1],[0,2],[-2,13],[-1,5],[-1,3],[-1,4],[3,2],[1,1],[1,0],[0,1],[1,0],[1,1],[1,0],[1,0],[1,0],[1,1],[1,1],[9,3],[3,1],[1,0],[2,0],[2,1],[1,2],[1,3],[2,5],[0,1],[2,5],[1,1],[0,1],[1,2],[1,2],[1,3],[0,1],[0,4],[-1,4],[0,4],[0,4],[0,5],[-1,8],[-1,1],[-4,4],[-3,4],[-6,7],[-2,2],[-3,3],[-5,5],[0,1],[-1,1],[-6,6],[-3,2],[-1,2],[-6,7],[-7,8],[-3,2],[-7,8],[-3,4],[-1,1],[-8,14],[-15,27]],[[7574,804],[4,2],[5,-7],[2,-7],[-1,-20],[-5,-1],[-4,8],[-1,15],[0,10]],[[7558,674],[6,-13],[7,1],[10,12]],[[7598,200],[2,9],[-14,0],[-5,0],[-3,0],[-4,0],[-2,0],[-1,0],[-1,0],[-15,-6],[-3,0],[0,-1],[-1,0],[-5,-1],[-6,-3],[-2,0],[-3,-1],[-3,-1],[-14,-7],[-2,0],[-2,-2],[-10,-4],[-1,-1],[-6,-3],[-1,-1],[-11,-6],[-5,-3],[-1,-1],[-5,-4],[-6,-3],[-3,-2],[-4,-3],[-1,0],[-2,-2],[-17,-11],[-25,-12],[-46,-22],[1,22],[2,11],[-4,10],[-5,4]],[[7364,156],[8,2],[6,2],[30,7],[18,2],[6,2],[1,-1],[7,3],[11,9],[6,5],[8,7],[6,5],[7,5],[19,41],[2,49],[-4,6],[-2,3],[-13,24],[-9,-3],[-3,16],[-4,9],[0,1],[-1,1],[-1,4],[1,5],[4,8],[3,1],[0,3],[0,3],[-1,5],[-1,4],[0,3],[-4,-1],[0,6],[0,1],[-1,1],[0,7],[-1,2],[-1,0],[-1,1],[0,4],[0,2],[-1,0],[-2,-1],[0,3],[0,3],[-1,2],[0,3],[-1,2],[0,2],[0,1],[0,2],[0,1],[0,2],[-2,9],[0,1],[-6,-3],[-7,-7],[-2,-1],[-2,-2],[-1,-2],[-8,-10],[0,1],[-3,-3],[-2,4],[-3,-7],[-6,13],[1,0],[-2,8],[0,1],[-2,2],[-1,1],[-1,1],[-1,1],[1,2],[1,1],[-1,1],[-1,2],[-2,1],[-1,1],[0,1],[-2,1],[0,1],[-1,1],[-1,1],[1,2],[-1,1],[-1,1],[0,1],[0,3],[-1,2],[-1,0],[-1,1],[-1,1],[-1,2],[-1,0],[-1,1],[-1,1],[-1,1],[-1,1],[-2,3],[1,2],[0,1],[-1,5],[-2,2],[-1,3],[0,1],[2,3],[-2,7],[-4,11],[-6,7],[-10,8],[0,1],[-1,2],[-8,9],[-7,4],[-2,1],[-1,0],[-10,-7]],[[7364,156],[-6,5],[-2,3],[-5,7],[-2,0],[-10,-2],[-40,-5],[-14,1],[-9,5],[-1,1],[-3,3],[0,1],[0,2],[0,1],[-1,4],[1,1],[1,1],[5,10],[8,15],[-2,11],[-10,12],[-12,3],[-7,2],[-9,3],[-2,5],[-2,4],[-4,9],[-1,4],[0,2],[-1,4],[0,3],[-1,4],[0,2],[0,3],[0,1],[-1,4],[0,1],[2,9],[1,6],[1,3],[0,4],[1,4],[1,2],[2,5],[3,8],[0,1],[1,1],[1,4],[3,5],[7,10],[7,12],[1,0],[-1,8],[0,7],[-1,14],[-1,15]],[[7233,445],[3,6],[1,1],[0,1],[1,-1],[2,-3],[-3,-8],[-4,-13],[-2,-2],[-1,0],[-1,1],[-1,3],[0,1],[5,14]],[[7176,337],[2,0],[13,-1],[1,0],[0,-1],[1,0],[1,-3],[3,-7],[1,-1],[2,-3],[1,-15],[1,-23],[6,-16],[0,-1],[3,-10],[4,-6],[1,-3],[4,-9],[-7,-23],[-12,-20],[-23,-32],[-5,-7],[-5,-8],[-3,-5],[-18,-30],[0,-1],[-2,2],[-4,-4],[-7,-7],[-8,-11],[-12,-17],[-4,8],[-3,2],[-2,1],[-5,-1],[-2,-1],[-6,-7],[-3,-3],[-1,-2],[-3,-3],[-1,-1],[-9,-7],[-12,-9],[-6,2],[-1,-1],[-13,-11],[-5,-4],[-2,-3],[-1,0],[-12,-5],[-2,0],[-11,-15],[0,-1],[-3,0],[-1,0],[-6,-1],[-7,-1],[-4,-3],[-3,-2],[-1,-1],[-3,-1],[-6,-5],[-5,1],[-5,13],[-2,12],[3,10],[0,1],[1,2],[0,1],[1,0],[1,2],[10,13],[1,1],[0,8],[1,14],[-7,25],[-1,2],[7,7],[6,7],[4,4],[7,7],[8,0],[6,0],[1,0],[2,3],[2,4],[4,6],[3,23],[3,18],[3,22],[9,17],[2,11],[-1,32],[-7,1],[-1,6],[2,26],[6,10],[6,10],[2,4],[4,2],[8,6],[7,-1],[4,-5],[1,-2],[10,-3],[1,0],[11,-4],[12,2],[5,1],[11,2],[14,2],[8,3],[2,1],[2,0],[4,2],[1,0],[2,1],[4,1],[17,6]]],"transform":{"scale":[0.0007906728672867293,0.0004520199019901993],"translate":[-79.762152,40.496103]}}